"Gene","FerrDb_Category","Source"
"A2M-AS1","Driver","FerrDb_V2_early_preview_20231231"
"AADAC","Suppressor","FerrDb_V2_early_preview_20231231"
"ABCB6","Suppressor","FerrDb_V2_early_preview_20231231"
"ABCC1","Driver;Marker","FerrDb_V2_early_preview_20231231"
"ABCC5","Suppressor","FerrDb_V2_early_preview_20231231"
"ABHD12","Suppressor","FerrDb_V2_early_preview_20231231"
"AC005332.7","Suppressor","FerrDb_V2_early_preview_20231231"
"ACACA","Marker","FerrDb_V2_early_preview_20231231"
"ACADM","Suppressor","FerrDb_V2_early_preview_20231231"
"ACADSB","Driver","FerrDb_V2_early_preview_20231231"
"ACAT2","Suppressor","FerrDb_V2_early_preview_20231231"
"ACO1","Driver;Marker","FerrDb_V2_early_preview_20231231"
"ACOT1","Suppressor","FerrDb_V2_early_preview_20231231"
"ACOT7","Suppressor","FerrDb_V2_early_preview_20231231"
"ACSF2","Driver;Marker;Unclassified","FerrDb_V2_early_preview_20231231"
"ACSL1","Driver;Suppressor","FerrDb_V2_early_preview_20231231"
"ACSL3","Driver;Marker;Suppressor","FerrDb_V2_early_preview_20231231"
"ACSL4","Driver;Marker","FerrDb_V2_early_preview_20231231"
"ACTL6A","Suppressor","FerrDb_V2_early_preview_20231231"
"ACVR1B","Driver","FerrDb_V2_early_preview_20231231"
"ADAM23","Driver","FerrDb_V2_early_preview_20231231"
"ADAMTS13","Suppressor","FerrDb_V2_early_preview_20231231"
"ADAMTS9-AS1","Suppressor","FerrDb_V2_early_preview_20231231"
"ADGRF5","Driver","FerrDb_V2_early_preview_20231231"
"ADIPOQ","Suppressor","FerrDb_V2_early_preview_20231231"
"ADIPOR1","Suppressor","FerrDb_V2_early_preview_20231231"
"ADORA1","Suppressor","FerrDb_V2_early_preview_20231231"
"ADORA2B","Suppressor","FerrDb_V2_early_preview_20231231"
"AEBP1","Suppressor","FerrDb_V2_early_preview_20231231"
"AEBP2","Driver","FerrDb_V2_early_preview_20231231"
"AGAP2-AS1","Suppressor","FerrDb_V2_early_preview_20231231"
"AGER","Suppressor","FerrDb_V2_early_preview_20231231"
"AGPAT3","Driver;Unclassified","FerrDb_V2_early_preview_20231231"
"AGPS","Driver","FerrDb_V2_early_preview_20231231"
"AGTR2","Driver","FerrDb_V2_early_preview_20231231"
"AHCY","Suppressor","FerrDb_V2_early_preview_20231231"
"AHR","Driver;Suppressor","FerrDb_V2_early_preview_20231231"
"AIFM2","Suppressor","FerrDb_V2_early_preview_20231231"
"AIM2","Suppressor","FerrDb_V2_early_preview_20231231"
"AKR1C","Marker","FerrDb_V2_early_preview_20231231"
"AKR1C1","Suppressor","FerrDb_V2_early_preview_20231231"
"AKR1C2","Suppressor","FerrDb_V2_early_preview_20231231"
"AKR1C3","Suppressor","FerrDb_V2_early_preview_20231231"
"AKT","Suppressor","FerrDb_V2_early_preview_20231231"
"AKT1","Marker;Suppressor;Unclassified","FerrDb_V2_early_preview_20231231"
"AKT1S1","Suppressor","FerrDb_V2_early_preview_20231231"
"ALB","Unclassified","FerrDb_V2_early_preview_20231231"
"ALDH2","Suppressor","FerrDb_V2_early_preview_20231231"
"ALDH3A2","Suppressor","FerrDb_V2_early_preview_20231231"
"ALG3","Suppressor","FerrDb_V2_early_preview_20231231"
"ALKBH5","Driver;Suppressor","FerrDb_V2_early_preview_20231231"
"ALOX12","Driver;Unclassified","FerrDb_V2_early_preview_20231231"
"ALOX12B","Driver","FerrDb_V2_early_preview_20231231"
"ALOX15","Driver;Marker;Unclassified","FerrDb_V2_early_preview_20231231"
"ALOX15B","Driver","FerrDb_V2_early_preview_20231231"
"ALOX5","Driver;Unclassified","FerrDb_V2_early_preview_20231231"
"ALOXE3","Driver","FerrDb_V2_early_preview_20231231"
"AMBRA1","Driver","FerrDb_V2_early_preview_20231231"
"AMER1","Driver","FerrDb_V2_early_preview_20231231"
"AMFR","Driver","FerrDb_V2_early_preview_20231231"
"AMN","Driver","FerrDb_V2_early_preview_20231231"
"ANGPTL4","Suppressor","FerrDb_V2_early_preview_20231231"
"ANGPTL7","Unclassified","FerrDb_V2_early_preview_20231231"
"ANO1","Driver;Suppressor","FerrDb_V2_early_preview_20231231"
"ANO6","Driver","FerrDb_V2_early_preview_20231231"
"ANXA10","Suppressor","FerrDb_V2_early_preview_20231231"
"AOC1","Driver","FerrDb_V2_early_preview_20231231"
"APELA","Suppressor","FerrDb_V2_early_preview_20231231"
"APOC1","Suppressor","FerrDb_V2_early_preview_20231231"
"APOE","Suppressor","FerrDb_V2_early_preview_20231231"
"APOL3","Driver","FerrDb_V2_early_preview_20231231"
"APP","Driver","FerrDb_V2_early_preview_20231231"
"AQP11","Suppressor","FerrDb_V2_early_preview_20231231"
"AQP3","Driver","FerrDb_V2_early_preview_20231231"
"AQP4","Suppressor","FerrDb_V2_early_preview_20231231"
"AQP5","Driver","FerrDb_V2_early_preview_20231231"
"AQP8","Driver","FerrDb_V2_early_preview_20231231"
"AR","Suppressor","FerrDb_V2_early_preview_20231231"
"ARF6","Suppressor","FerrDb_V2_early_preview_20231231"
"ARG2","Suppressor","FerrDb_V2_early_preview_20231231"
"ARGLU1-DT","Driver","FerrDb_V2_early_preview_20231231"
"ARHGEF26-AS1","Driver","FerrDb_V2_early_preview_20231231"
"ARMC5","Driver","FerrDb_V2_early_preview_20231231"
"ARNTL","Suppressor","FerrDb_V2_early_preview_20231231"
"ARPC1A","Suppressor","FerrDb_V2_early_preview_20231231"
"ARRDC3","Unclassified","FerrDb_V2_early_preview_20231231"
"ASAH2","Suppressor","FerrDb_V2_early_preview_20231231"
"ASAP2","Suppressor","FerrDb_V2_early_preview_20231231"
"ASCL1","Suppressor","FerrDb_V2_early_preview_20231231"
"ASL","Driver","FerrDb_V2_early_preview_20231231"
"ASMTL-AS1","Driver","FerrDb_V2_early_preview_20231231"
"ASNS","Unclassified","FerrDb_V2_early_preview_20231231"
"ASS1","Suppressor","FerrDb_V2_early_preview_20231231"
"ATF2","Suppressor","FerrDb_V2_early_preview_20231231"
"ATF3","Driver;Suppressor;Unclassified","FerrDb_V2_early_preview_20231231"
"ATF4","Driver;Suppressor;Unclassified","FerrDb_V2_early_preview_20231231"
"ATF6","Suppressor","FerrDb_V2_early_preview_20231231"
"ATG13","Driver","FerrDb_V2_early_preview_20231231"
"ATG16L1","Driver","FerrDb_V2_early_preview_20231231"
"ATG3","Driver","FerrDb_V2_early_preview_20231231"
"ATG4D","Driver","FerrDb_V2_early_preview_20231231"
"ATG5","Driver","FerrDb_V2_early_preview_20231231"
"ATG7","Driver","FerrDb_V2_early_preview_20231231"
"ATM","Driver","FerrDb_V2_early_preview_20231231"
"ATP2B3","Driver","FerrDb_V2_early_preview_20231231"
"ATP5MC3","Driver;Unclassified","FerrDb_V2_early_preview_20231231"
"ATP6V1G2","Unclassified","FerrDb_V2_early_preview_20231231"
"ATXN8OS","Driver","FerrDb_V2_early_preview_20231231"
"AURKA","Suppressor;Unclassified","FerrDb_V2_early_preview_20231231"
"AXL","Suppressor","FerrDb_V2_early_preview_20231231"
"B3GNT3","Suppressor","FerrDb_V2_early_preview_20231231"
"BACH1","Driver;Suppressor","FerrDb_V2_early_preview_20231231"
"BACH2","Driver","FerrDb_V2_early_preview_20231231"
"BAP1","Driver","FerrDb_V2_early_preview_20231231"
"BAP31","Suppressor","FerrDb_V2_early_preview_20231231"
"BAX","Driver","FerrDb_V2_early_preview_20231231"
"BBOX1-AS1","Suppressor","FerrDb_V2_early_preview_20231231"
"BCAT1","Suppressor","FerrDb_V2_early_preview_20231231"
"BCAT2","Suppressor","FerrDb_V2_early_preview_20231231"
"BCL2","Suppressor","FerrDb_V2_early_preview_20231231"
"BCL6","Driver","FerrDb_V2_early_preview_20231231"
"BDNF-AS","Suppressor","FerrDb_V2_early_preview_20231231"
"BECN1","Driver","FerrDb_V2_early_preview_20231231"
"BEX1","Suppressor","FerrDb_V2_early_preview_20231231"
"BGN","Suppressor","FerrDb_V2_early_preview_20231231"
"BHLHE40","Suppressor","FerrDb_V2_early_preview_20231231"
"BID","Driver","FerrDb_V2_early_preview_20231231"
"BLOC1S5-TXNDC5","Unclassified","FerrDb_V2_early_preview_20231231"
"BMAL1","Driver;Suppressor","FerrDb_V2_early_preview_20231231"
"BMP4","Suppressor","FerrDb_V2_early_preview_20231231"
"BNC1","Suppressor","FerrDb_V2_early_preview_20231231"
"BNIP3","Unclassified","FerrDb_V2_early_preview_20231231"
"BRCA1","Driver;Suppressor","FerrDb_V2_early_preview_20231231"
"BRD2","Suppressor","FerrDb_V2_early_preview_20231231"
"BRD3","Suppressor","FerrDb_V2_early_preview_20231231"
"BRD4","Driver;Suppressor","FerrDb_V2_early_preview_20231231"
"BRD7","Driver","FerrDb_V2_early_preview_20231231"
"BRDT","Suppressor","FerrDb_V2_early_preview_20231231"
"BRPF1","Driver","FerrDb_V2_early_preview_20231231"
"BSG","Driver","FerrDb_V2_early_preview_20231231"
"BTK","Suppressor","FerrDb_V2_early_preview_20231231"
"C19ORF12","Suppressor","FerrDb_V2_early_preview_20231231"
"C1QTNF6","Suppressor","FerrDb_V2_early_preview_20231231"
"C8ORF76","Suppressor","FerrDb_V2_early_preview_20231231"
"CA9","Suppressor","FerrDb_V2_early_preview_20231231"
"CACNA1G-AS1","Suppressor","FerrDb_V2_early_preview_20231231"
"CAD","Suppressor","FerrDb_V2_early_preview_20231231"
"CAMKK2","Suppressor","FerrDb_V2_early_preview_20231231"
"CAPG","Suppressor;Unclassified","FerrDb_V2_early_preview_20231231"
"CAPRIN2","Suppressor","FerrDb_V2_early_preview_20231231"
"CARM1","Driver;Suppressor","FerrDb_V2_early_preview_20231231"
"CARS1","Driver;Marker","FerrDb_V2_early_preview_20231231"
"CASC11","Suppressor","FerrDb_V2_early_preview_20231231"
"CASP3","Driver","FerrDb_V2_early_preview_20231231"
"CAV-1","Suppressor","FerrDb_V2_early_preview_20231231"
"CAV1","Driver;Suppressor","FerrDb_V2_early_preview_20231231"
"CAVIN1","Driver","FerrDb_V2_early_preview_20231231"
"CB2R","Suppressor","FerrDb_V2_early_preview_20231231"
"CBR1","Unclassified","FerrDb_V2_early_preview_20231231"
"CBS","Marker;Suppressor;Unclassified","FerrDb_V2_early_preview_20231231"
"CBSLR","Suppressor","FerrDb_V2_early_preview_20231231"
"CBX5","Driver","FerrDb_V2_early_preview_20231231"
"CCDC6","Driver","FerrDb_V2_early_preview_20231231"
"CCT3","Suppressor","FerrDb_V2_early_preview_20231231"
"CD276","Suppressor","FerrDb_V2_early_preview_20231231"
"CD36","Driver","FerrDb_V2_early_preview_20231231"
"CD38","Driver","FerrDb_V2_early_preview_20231231"
"CD44","Suppressor","FerrDb_V2_early_preview_20231231"
"CD74","Driver","FerrDb_V2_early_preview_20231231"
"CD82","Driver","FerrDb_V2_early_preview_20231231"
"CDC25A","Suppressor","FerrDb_V2_early_preview_20231231"
"CDC27","Driver","FerrDb_V2_early_preview_20231231"
"CDCA3","Driver","FerrDb_V2_early_preview_20231231"
"CDH1","Suppressor","FerrDb_V2_early_preview_20231231"
"CDH4","Suppressor","FerrDb_V2_early_preview_20231231"
"CDK1","Suppressor","FerrDb_V2_early_preview_20231231"
"CDKN1A","Marker;Suppressor","FerrDb_V2_early_preview_20231231"
"CDKN2A","Driver;Suppressor","FerrDb_V2_early_preview_20231231"
"CDO1","Driver","FerrDb_V2_early_preview_20231231"
"CEBPG","Suppressor;Unclassified","FerrDb_V2_early_preview_20231231"
"CEMIP","Suppressor","FerrDb_V2_early_preview_20231231"
"CENPA","Suppressor","FerrDb_V2_early_preview_20231231"
"CERK","Suppressor","FerrDb_V2_early_preview_20231231"
"CERS6-AS1","Suppressor","FerrDb_V2_early_preview_20231231"
"CFL1","Driver","FerrDb_V2_early_preview_20231231"
"CGAS","Driver;Suppressor","FerrDb_V2_early_preview_20231231"
"CHAC1","Driver;Marker","FerrDb_V2_early_preview_20231231"
"CHMP1A","Suppressor","FerrDb_V2_early_preview_20231231"
"CHMP5","Suppressor","FerrDb_V2_early_preview_20231231"
"CHMP6","Suppressor","FerrDb_V2_early_preview_20231231"
"CHP1","Driver","FerrDb_V2_early_preview_20231231"
"CHREP-BETA","Driver","FerrDb_V2_early_preview_20231231"
"CIRBP","Driver","FerrDb_V2_early_preview_20231231"
"CIRC_0000140","Driver","FerrDb_V2_early_preview_20231231"
"CIRC_0000190","Driver","FerrDb_V2_early_preview_20231231"
"CIRC_0000745","Suppressor","FerrDb_V2_early_preview_20231231"
"CIRC_0007142","Suppressor","FerrDb_V2_early_preview_20231231"
"CIRC_0067934","Suppressor","FerrDb_V2_early_preview_20231231"
"CIRC_0070440","Suppressor","FerrDb_V2_early_preview_20231231"
"CIRC_0072464","Suppressor","FerrDb_V2_early_preview_20231231"
"CIRC-BGN","Suppressor","FerrDb_V2_early_preview_20231231"
"CIRC-CARM1","Driver","FerrDb_V2_early_preview_20231231"
"CIRC-ITCH","Suppressor","FerrDb_V2_early_preview_20231231"
"CIRC-STC2","Driver","FerrDb_V2_early_preview_20231231"
"CIRC-TTBK2","Suppressor","FerrDb_V2_early_preview_20231231"
"CIRC0097009","Suppressor","FerrDb_V2_early_preview_20231231"
"CIRCACAP2","Suppressor","FerrDb_V2_early_preview_20231231"
"CIRCAFF1","Driver","FerrDb_V2_early_preview_20231231"
"CIRCBBS2","Suppressor","FerrDb_V2_early_preview_20231231"
"CIRCBCAR3","Suppressor","FerrDb_V2_early_preview_20231231"
"CIRCBLNK","Suppressor","FerrDb_V2_early_preview_20231231"
"CIRCCDK14","Suppressor","FerrDb_V2_early_preview_20231231"
"CIRCCMSS1","Driver","FerrDb_V2_early_preview_20231231"
"CIRCCMTM3","Suppressor","FerrDb_V2_early_preview_20231231"
"CIRCDTL","Suppressor","FerrDb_V2_early_preview_20231231"
"CIRCEPSTI1","Suppressor","FerrDb_V2_early_preview_20231231"
"CIRCEXOC5","Driver","FerrDb_V2_early_preview_20231231"
"CIRCFNDC3B","Suppressor","FerrDb_V2_early_preview_20231231"
"CIRCGFRA1","Suppressor","FerrDb_V2_early_preview_20231231"
"CIRCHIPK3","Driver;Suppressor","FerrDb_V2_early_preview_20231231"
"CIRCHMGA2","Driver","FerrDb_V2_early_preview_20231231"
"CIRCIDE","Driver","FerrDb_V2_early_preview_20231231"
"CIRCIL4R","Suppressor","FerrDb_V2_early_preview_20231231"
"CIRCKDM4C","Driver","FerrDb_V2_early_preview_20231231"
"CIRCKIF4A","Suppressor","FerrDb_V2_early_preview_20231231"
"CIRCLMO1","Driver","FerrDb_V2_early_preview_20231231"
"CIRCLRFN5","Driver","FerrDb_V2_early_preview_20231231"
"CIRCOMA1","Suppressor","FerrDb_V2_early_preview_20231231"
"CIRCP4HB","Suppressor","FerrDb_V2_early_preview_20231231"
"CIRCPDE3B","Suppressor","FerrDb_V2_early_preview_20231231"
"CIRCPSEN1","Driver","FerrDb_V2_early_preview_20231231"
"CIRCPVT1","Suppressor","FerrDb_V2_early_preview_20231231"
"CIRCRAPGEF5","Suppressor","FerrDb_V2_early_preview_20231231"
"CIRCRHBG","Suppressor","FerrDb_V2_early_preview_20231231"
"CIRCRHOT1","Suppressor","FerrDb_V2_early_preview_20231231"
"CIRCRNA_101093","Suppressor","FerrDb_V2_early_preview_20231231"
"CIRCRNA-ST6GALNAC6","Driver","FerrDb_V2_early_preview_20231231"
"CIRCRNA1615","Suppressor","FerrDb_V2_early_preview_20231231"
"CIRCRNF10","Suppressor","FerrDb_V2_early_preview_20231231"
"CIRCRPPH1","Driver","FerrDb_V2_early_preview_20231231"
"CIRCSAV1","Driver","FerrDb_V2_early_preview_20231231"
"CIRCSCN8A","Driver","FerrDb_V2_early_preview_20231231"
"CIRCSEPT9","Suppressor","FerrDb_V2_early_preview_20231231"
"CIRCSLC8A1","Driver","FerrDb_V2_early_preview_20231231"
"CIRCSNX12","Suppressor","FerrDb_V2_early_preview_20231231"
"CIRCSTIL","Suppressor","FerrDb_V2_early_preview_20231231"
"CIRCUBE2I","Driver","FerrDb_V2_early_preview_20231231"
"CIRCZBTB46","Suppressor","FerrDb_V2_early_preview_20231231"
"CISD1","Marker;Suppressor","FerrDb_V2_early_preview_20231231"
"CISD2","Suppressor","FerrDb_V2_early_preview_20231231"
"CISD3","Suppressor","FerrDb_V2_early_preview_20231231"
"CKB","Suppressor","FerrDb_V2_early_preview_20231231"
"CLOCK","Suppressor","FerrDb_V2_early_preview_20231231"
"CLTRN","Driver","FerrDb_V2_early_preview_20231231"
"CNIH4","Suppressor","FerrDb_V2_early_preview_20231231"
"CNR1","Suppressor","FerrDb_V2_early_preview_20231231"
"COMMD10","Driver","FerrDb_V2_early_preview_20231231"
"COPZ1","Suppressor","FerrDb_V2_early_preview_20231231"
"COQ10A","Suppressor","FerrDb_V2_early_preview_20231231"
"COQ10B","Suppressor","FerrDb_V2_early_preview_20231231"
"COQ10BP1","Suppressor","FerrDb_V2_early_preview_20231231"
"COQ10BP2","Suppressor","FerrDb_V2_early_preview_20231231"
"COX4I2","Driver","FerrDb_V2_early_preview_20231231"
"COX7A1","Driver","FerrDb_V2_early_preview_20231231"
"CP","Suppressor","FerrDb_V2_early_preview_20231231"
"CPEB1","Driver","FerrDb_V2_early_preview_20231231"
"CPLX2","Suppressor","FerrDb_V2_early_preview_20231231"
"CPT1A","Suppressor","FerrDb_V2_early_preview_20231231"
"CREB","Suppressor","FerrDb_V2_early_preview_20231231"
"CREB1","Suppressor","FerrDb_V2_early_preview_20231231"
"CREB3","Suppressor","FerrDb_V2_early_preview_20231231"
"CREB5","Suppressor","FerrDb_V2_early_preview_20231231"
"CRTC3","Suppressor","FerrDb_V2_early_preview_20231231"
"CRYAB","Driver","FerrDb_V2_early_preview_20231231"
"CS","Driver;Marker","FerrDb_V2_early_preview_20231231"
"CSE","Suppressor","FerrDb_V2_early_preview_20231231"
"CST1","Suppressor","FerrDb_V2_early_preview_20231231"
"CTNNB1","Suppressor","FerrDb_V2_early_preview_20231231"
"CTNS","Suppressor","FerrDb_V2_early_preview_20231231"
"CTSB","Driver","FerrDb_V2_early_preview_20231231"
"CUL9","Suppressor","FerrDb_V2_early_preview_20231231"
"CX3CL1","Driver","FerrDb_V2_early_preview_20231231"
"CXCL10","Driver","FerrDb_V2_early_preview_20231231"
"CXCL2","Unclassified","FerrDb_V2_early_preview_20231231"
"CXCL8","Suppressor","FerrDb_V2_early_preview_20231231"
"CYB5R1","Driver","FerrDb_V2_early_preview_20231231"
"CYBB","Driver;Suppressor","FerrDb_V2_early_preview_20231231"
"CYGB","Driver;Suppressor","FerrDb_V2_early_preview_20231231"
"CYP1B1","Suppressor","FerrDb_V2_early_preview_20231231"
"CYP24A1","Suppressor","FerrDb_V2_early_preview_20231231"
"CYP2E1","Suppressor","FerrDb_V2_early_preview_20231231"
"CYP4F8","Driver","FerrDb_V2_early_preview_20231231"
"DACT3-AS1","Driver","FerrDb_V2_early_preview_20231231"
"DAZAP1","Suppressor","FerrDb_V2_early_preview_20231231"
"DCAF7","Driver","FerrDb_V2_early_preview_20231231"
"DCLK3","Suppressor","FerrDb_V2_early_preview_20231231"
"DCPS","Suppressor","FerrDb_V2_early_preview_20231231"
"DDIT3","Unclassified","FerrDb_V2_early_preview_20231231"
"DDIT4","Driver;Unclassified","FerrDb_V2_early_preview_20231231"
"DDR2","Driver","FerrDb_V2_early_preview_20231231"
"DDX5","Driver","FerrDb_V2_early_preview_20231231"
"DECR1","Suppressor","FerrDb_V2_early_preview_20231231"
"DELE1","Suppressor","FerrDb_V2_early_preview_20231231"
"DHODH","Driver;Suppressor","FerrDb_V2_early_preview_20231231"
"DKK1","Suppressor","FerrDb_V2_early_preview_20231231"
"DLD","Driver","FerrDb_V2_early_preview_20231231"
"DLEU1","Suppressor","FerrDb_V2_early_preview_20231231"
"DNAJB6","Driver","FerrDb_V2_early_preview_20231231"
"DPEP1","Driver","FerrDb_V2_early_preview_20231231"
"DPP4","Driver;Marker;Suppressor","FerrDb_V2_early_preview_20231231"
"DPP9","Suppressor","FerrDb_V2_early_preview_20231231"
"DRD4","Unclassified","FerrDb_V2_early_preview_20231231"
"DRD5","Unclassified","FerrDb_V2_early_preview_20231231"
"DUOX1","Driver","FerrDb_V2_early_preview_20231231"
"DUOX2","Driver","FerrDb_V2_early_preview_20231231"
"DUSP1","Unclassified","FerrDb_V2_early_preview_20231231"
"DUXAP8","Suppressor","FerrDb_V2_early_preview_20231231"
"DYRK1A","Driver","FerrDb_V2_early_preview_20231231"
"E2F1","Driver","FerrDb_V2_early_preview_20231231"
"E2F2","Driver","FerrDb_V2_early_preview_20231231"
"E2F3","Driver","FerrDb_V2_early_preview_20231231"
"E2F7","Suppressor","FerrDb_V2_early_preview_20231231"
"EBF3","Driver","FerrDb_V2_early_preview_20231231"
"ECH1","Suppressor","FerrDb_V2_early_preview_20231231"
"EDN1","Driver","FerrDb_V2_early_preview_20231231"
"EGF","Suppressor","FerrDb_V2_early_preview_20231231"
"EGFR","Driver;Suppressor","FerrDb_V2_early_preview_20231231"
"EGLN2","Driver","FerrDb_V2_early_preview_20231231"
"EGR1","Driver","FerrDb_V2_early_preview_20231231"
"EHMT2","Driver","FerrDb_V2_early_preview_20231231"
"EIF2AK2","Driver","FerrDb_V2_early_preview_20231231"
"EIF2AK3","Suppressor","FerrDb_V2_early_preview_20231231"
"EIF2AK4","Unclassified","FerrDb_V2_early_preview_20231231"
"EIF2S1","Unclassified","FerrDb_V2_early_preview_20231231"
"EIF3H","Suppressor","FerrDb_V2_early_preview_20231231"
"EIF4E","Driver","FerrDb_V2_early_preview_20231231"
"ELAVL1","Driver;Unclassified","FerrDb_V2_early_preview_20231231"
"ELK1","Suppressor","FerrDb_V2_early_preview_20231231"
"ELOVL5","Driver;Suppressor","FerrDb_V2_early_preview_20231231"
"EMC2","Driver;Marker","FerrDb_V2_early_preview_20231231"
"EMP1","Driver","FerrDb_V2_early_preview_20231231"
"EMP2","Suppressor","FerrDb_V2_early_preview_20231231"
"ENO1","Suppressor","FerrDb_V2_early_preview_20231231"
"ENO3","Suppressor","FerrDb_V2_early_preview_20231231"
"ENPP2","Suppressor","FerrDb_V2_early_preview_20231231"
"EP300","Driver;Suppressor","FerrDb_V2_early_preview_20231231"
"EPAS1","Driver","FerrDb_V2_early_preview_20231231"
"EPHA2","Driver","FerrDb_V2_early_preview_20231231"
"EPHA4","Driver","FerrDb_V2_early_preview_20231231"
"EPT1","Driver","FerrDb_V2_early_preview_20231231"
"EREG","Suppressor","FerrDb_V2_early_preview_20231231"
"ERK","Driver","FerrDb_V2_early_preview_20231231"
"ERN1","Driver","FerrDb_V2_early_preview_20231231"
"ESR1","Suppressor","FerrDb_V2_early_preview_20231231"
"ETHE1","Driver","FerrDb_V2_early_preview_20231231"
"ETS1","Suppressor","FerrDb_V2_early_preview_20231231"
"ETV4","Suppressor","FerrDb_V2_early_preview_20231231"
"EZH2","Suppressor","FerrDb_V2_early_preview_20231231"
"FABP4","Driver;Suppressor","FerrDb_V2_early_preview_20231231"
"FADS1","Driver","FerrDb_V2_early_preview_20231231"
"FADS2","Driver;Marker;Suppressor","FerrDb_V2_early_preview_20231231"
"FAF1","Suppressor","FerrDb_V2_early_preview_20231231"
"FAM98A","Suppressor","FerrDb_V2_early_preview_20231231"
"FANCD2","Marker;Suppressor","FerrDb_V2_early_preview_20231231"
"FAR1","Driver","FerrDb_V2_early_preview_20231231"
"FBLN1","Suppressor","FerrDb_V2_early_preview_20231231"
"FBXL5","Suppressor","FerrDb_V2_early_preview_20231231"
"FBXO31","Driver","FerrDb_V2_early_preview_20231231"
"FBXW7","Driver","FerrDb_V2_early_preview_20231231"
"FDFT1","Marker","FerrDb_V2_early_preview_20231231"
"FDX1","Driver;Suppressor","FerrDb_V2_early_preview_20231231"
"FEACR","Suppressor","FerrDb_V2_early_preview_20231231"
"FECH","Suppressor","FerrDb_V2_early_preview_20231231"
"FEN1","Suppressor","FerrDb_V2_early_preview_20231231"
"FER1HCH","Suppressor","FerrDb_V2_early_preview_20231231"
"FGF10","Suppressor","FerrDb_V2_early_preview_20231231"
"FGF2","Suppressor","FerrDb_V2_early_preview_20231231"
"FGF21","Suppressor","FerrDb_V2_early_preview_20231231"
"FGF4","Suppressor","FerrDb_V2_early_preview_20231231"
"FGFR4","Suppressor","FerrDb_V2_early_preview_20231231"
"FH","Suppressor","FerrDb_V2_early_preview_20231231"
"FHOD1","Suppressor","FerrDb_V2_early_preview_20231231"
"FLRT2","Driver","FerrDb_V2_early_preview_20231231"
"FLT3","Driver","FerrDb_V2_early_preview_20231231"
"FMO1","Driver","FerrDb_V2_early_preview_20231231"
"FNDC3B","Suppressor","FerrDb_V2_early_preview_20231231"
"FNDC5","Suppressor","FerrDb_V2_early_preview_20231231"
"FOSL1","Driver","FerrDb_V2_early_preview_20231231"
"FOXA2","Suppressor","FerrDb_V2_early_preview_20231231"
"FOXM1","Suppressor","FerrDb_V2_early_preview_20231231"
"FOXN4","Driver","FerrDb_V2_early_preview_20231231"
"FOXO3","Driver","FerrDb_V2_early_preview_20231231"
"FOXO4","Driver","FerrDb_V2_early_preview_20231231"
"FOXQ1","Suppressor","FerrDb_V2_early_preview_20231231"
"FSCN1","Driver","FerrDb_V2_early_preview_20231231"
"FTH1","Driver;Marker;Suppressor;Unclassified","FerrDb_V2_early_preview_20231231"
"FTHL17","Suppressor","FerrDb_V2_early_preview_20231231"
"FTL","Marker;Suppressor;Unclassified","FerrDb_V2_early_preview_20231231"
"FTMT","Suppressor","FerrDb_V2_early_preview_20231231"
"FTO","Driver;Suppressor","FerrDb_V2_early_preview_20231231"
"FTX","Suppressor","FerrDb_V2_early_preview_20231231"
"FUNDC1","Driver;Suppressor","FerrDb_V2_early_preview_20231231"
"FUNDC2","Driver","FerrDb_V2_early_preview_20231231"
"FURIN","Suppressor","FerrDb_V2_early_preview_20231231"
"FXN","Suppressor","FerrDb_V2_early_preview_20231231"
"FXR1","Suppressor","FerrDb_V2_early_preview_20231231"
"FZD7","Suppressor","FerrDb_V2_early_preview_20231231"
"G3BP1","Driver;Suppressor","FerrDb_V2_early_preview_20231231"
"G6PD","Driver;Marker;Suppressor","FerrDb_V2_early_preview_20231231"
"G6PDX","Driver","FerrDb_V2_early_preview_20231231"
"GABARAPL1","Driver","FerrDb_V2_early_preview_20231231"
"GABARAPL2","Driver","FerrDb_V2_early_preview_20231231"
"GABPB1","Unclassified","FerrDb_V2_early_preview_20231231"
"GALNT14","Suppressor","FerrDb_V2_early_preview_20231231"
"GALNT5","Suppressor","FerrDb_V2_early_preview_20231231"
"GAS1","Driver","FerrDb_V2_early_preview_20231231"
"GATA1","Suppressor","FerrDb_V2_early_preview_20231231"
"GATA3","Suppressor","FerrDb_V2_early_preview_20231231"
"GATA6","Suppressor","FerrDb_V2_early_preview_20231231"
"GCH1","Suppressor","FerrDb_V2_early_preview_20231231"
"GCLC","Marker;Suppressor","FerrDb_V2_early_preview_20231231"
"GDF15","Driver;Suppressor;Unclassified","FerrDb_V2_early_preview_20231231"
"GFPT1","Driver","FerrDb_V2_early_preview_20231231"
"GGT1","Suppressor","FerrDb_V2_early_preview_20231231"
"GINS4","Suppressor","FerrDb_V2_early_preview_20231231"
"GJA1","Driver","FerrDb_V2_early_preview_20231231"
"GLRX5","Suppressor","FerrDb_V2_early_preview_20231231"
"GLS","Suppressor","FerrDb_V2_early_preview_20231231"
"GLS2","Driver;Marker","FerrDb_V2_early_preview_20231231"
"GLUT13","Unclassified","FerrDb_V2_early_preview_20231231"
"GM47283","Driver","FerrDb_V2_early_preview_20231231"
"GMFB","Driver","FerrDb_V2_early_preview_20231231"
"GOT1","Driver;Marker;Suppressor","FerrDb_V2_early_preview_20231231"
"GPAT4","Driver","FerrDb_V2_early_preview_20231231"
"GPT2","Unclassified","FerrDb_V2_early_preview_20231231"
"GPX2","Unclassified","FerrDb_V2_early_preview_20231231"
"GPX3","Suppressor","FerrDb_V2_early_preview_20231231"
"GPX4","Marker;Suppressor;Unclassified","FerrDb_V2_early_preview_20231231"
"GPX7","Suppressor","FerrDb_V2_early_preview_20231231"
"GRIA3","Driver","FerrDb_V2_early_preview_20231231"
"GRN","Suppressor","FerrDb_V2_early_preview_20231231"
"GRSF1","Suppressor","FerrDb_V2_early_preview_20231231"
"GSK3B","Driver","FerrDb_V2_early_preview_20231231"
"GSS","Suppressor","FerrDb_V2_early_preview_20231231"
"GSTM1","Suppressor","FerrDb_V2_early_preview_20231231"
"GSTP1","Suppressor","FerrDb_V2_early_preview_20231231"
"GSTZ1","Driver","FerrDb_V2_early_preview_20231231"
"H19","Driver;Suppressor","FerrDb_V2_early_preview_20231231"
"H3C1","Driver","FerrDb_V2_early_preview_20231231"
"H3C10","Driver","FerrDb_V2_early_preview_20231231"
"H3C11","Driver","FerrDb_V2_early_preview_20231231"
"H3C12","Driver","FerrDb_V2_early_preview_20231231"
"H3C13","Driver","FerrDb_V2_early_preview_20231231"
"H3C14","Driver","FerrDb_V2_early_preview_20231231"
"H3C15","Driver","FerrDb_V2_early_preview_20231231"
"H3C2","Driver","FerrDb_V2_early_preview_20231231"
"H3C3","Driver","FerrDb_V2_early_preview_20231231"
"H3C4","Driver","FerrDb_V2_early_preview_20231231"
"H3C6","Driver","FerrDb_V2_early_preview_20231231"
"H3C7","Driver","FerrDb_V2_early_preview_20231231"
"H3C8","Driver","FerrDb_V2_early_preview_20231231"
"HACE1","Suppressor","FerrDb_V2_early_preview_20231231"
"HAMP","Unclassified","FerrDb_V2_early_preview_20231231"
"HBA1","Unclassified","FerrDb_V2_early_preview_20231231"
"HBP1","Driver","FerrDb_V2_early_preview_20231231"
"HCAR1","Suppressor","FerrDb_V2_early_preview_20231231"
"HCG18","Suppressor","FerrDb_V2_early_preview_20231231"
"HCP5","Suppressor","FerrDb_V2_early_preview_20231231"
"HDAC3","Driver;Suppressor","FerrDb_V2_early_preview_20231231"
"HDAC6","Driver;Suppressor","FerrDb_V2_early_preview_20231231"
"HDDC3","Driver","FerrDb_V2_early_preview_20231231"
"HDLBP","Driver","FerrDb_V2_early_preview_20231231"
"HECTD3","Driver","FerrDb_V2_early_preview_20231231"
"HECW1","Driver","FerrDb_V2_early_preview_20231231"
"HELLS","Suppressor","FerrDb_V2_early_preview_20231231"
"HEPFAL","Driver","FerrDb_V2_early_preview_20231231"
"HERPUD1","Driver;Unclassified","FerrDb_V2_early_preview_20231231"
"HIC1","Unclassified","FerrDb_V2_early_preview_20231231"
"HIF1A","Driver;Suppressor","FerrDb_V2_early_preview_20231231"
"HILPDA","Driver","FerrDb_V2_early_preview_20231231"
"HJURP","Suppressor","FerrDb_V2_early_preview_20231231"
"HLF","Suppressor","FerrDb_V2_early_preview_20231231"
"HMGA2","Suppressor","FerrDb_V2_early_preview_20231231"
"HMGB1","Driver;Unclassified","FerrDb_V2_early_preview_20231231"
"HMGB2","Driver","FerrDb_V2_early_preview_20231231"
"HMGCL","Driver","FerrDb_V2_early_preview_20231231"
"HMGCR","Marker;Suppressor","FerrDb_V2_early_preview_20231231"
"HMGCS1","Suppressor","FerrDb_V2_early_preview_20231231"
"HMOX1","Driver;Marker;Suppressor;Unclassified","FerrDb_V2_early_preview_20231231"
"HNF4A","Driver;Suppressor;Unclassified","FerrDb_V2_early_preview_20231231"
"HNRNPD","Suppressor","FerrDb_V2_early_preview_20231231"
"HNRNPL","Suppressor","FerrDb_V2_early_preview_20231231"
"HNRNPM","Suppressor","FerrDb_V2_early_preview_20231231"
"HOTAIR","Driver","FerrDb_V2_early_preview_20231231"
"HOXA11-AS","Suppressor","FerrDb_V2_early_preview_20231231"
"HOXC-AS3","Suppressor","FerrDb_V2_early_preview_20231231"
"HOXD10","Driver","FerrDb_V2_early_preview_20231231"
"HPCAL1","Driver","FerrDb_V2_early_preview_20231231"
"HPX","Suppressor","FerrDb_V2_early_preview_20231231"
"HRAS","Driver","FerrDb_V2_early_preview_20231231"
"HRH1","Suppressor","FerrDb_V2_early_preview_20231231"
"HSA_CIRC_0008367","Driver","FerrDb_V2_early_preview_20231231"
"HSA_CIRC_0050900","Suppressor","FerrDb_V2_early_preview_20231231"
"HSA_CIRC_0057105","Driver","FerrDb_V2_early_preview_20231231"
"HSBP1","Marker","FerrDb_V2_early_preview_20231231"
"HSD17B11","Unclassified","FerrDb_V2_early_preview_20231231"
"HSDL2","Driver","FerrDb_V2_early_preview_20231231"
"HSF1","Suppressor","FerrDb_V2_early_preview_20231231"
"HSP90AA1","Driver","FerrDb_V2_early_preview_20231231"
"HSPA12A","Suppressor","FerrDb_V2_early_preview_20231231"
"HSPA12B","Suppressor","FerrDb_V2_early_preview_20231231"
"HSPA13","Suppressor","FerrDb_V2_early_preview_20231231"
"HSPA14","Suppressor","FerrDb_V2_early_preview_20231231"
"HSPA1A","Suppressor","FerrDb_V2_early_preview_20231231"
"HSPA1B","Suppressor","FerrDb_V2_early_preview_20231231"
"HSPA1L","Suppressor","FerrDb_V2_early_preview_20231231"
"HSPA2","Suppressor","FerrDb_V2_early_preview_20231231"
"HSPA4","Suppressor","FerrDb_V2_early_preview_20231231"
"HSPA4L","Suppressor","FerrDb_V2_early_preview_20231231"
"HSPA5","Marker;Suppressor","FerrDb_V2_early_preview_20231231"
"HSPA6","Suppressor","FerrDb_V2_early_preview_20231231"
"HSPA7","Suppressor","FerrDb_V2_early_preview_20231231"
"HSPA8","Suppressor","FerrDb_V2_early_preview_20231231"
"HSPA9","Suppressor","FerrDb_V2_early_preview_20231231"
"HSPB1","Marker;Suppressor","FerrDb_V2_early_preview_20231231"
"HSPH1","Suppressor","FerrDb_V2_early_preview_20231231"
"HTR2B","Suppressor","FerrDb_V2_early_preview_20231231"
"HULC","Suppressor","FerrDb_V2_early_preview_20231231"
"HUWE1","Suppressor","FerrDb_V2_early_preview_20231231"
"HYOU1","Suppressor","FerrDb_V2_early_preview_20231231"
"ICA1","Driver","FerrDb_V2_early_preview_20231231"
"IDH1","Driver","FerrDb_V2_early_preview_20231231"
"IDH2","Suppressor","FerrDb_V2_early_preview_20231231"
"IDO1","Driver;Suppressor","FerrDb_V2_early_preview_20231231"
"IFI35","Driver","FerrDb_V2_early_preview_20231231"
"IFNA1","Driver","FerrDb_V2_early_preview_20231231"
"IFNA10","Driver","FerrDb_V2_early_preview_20231231"
"IFNA13","Driver","FerrDb_V2_early_preview_20231231"
"IFNA14","Driver","FerrDb_V2_early_preview_20231231"
"IFNA16","Driver","FerrDb_V2_early_preview_20231231"
"IFNA17","Driver","FerrDb_V2_early_preview_20231231"
"IFNA2","Driver","FerrDb_V2_early_preview_20231231"
"IFNA21","Driver","FerrDb_V2_early_preview_20231231"
"IFNA4","Driver","FerrDb_V2_early_preview_20231231"
"IFNA5","Driver","FerrDb_V2_early_preview_20231231"
"IFNA6","Driver","FerrDb_V2_early_preview_20231231"
"IFNA7","Driver","FerrDb_V2_early_preview_20231231"
"IFNA8","Driver","FerrDb_V2_early_preview_20231231"
"IFNG","Driver","FerrDb_V2_early_preview_20231231"
"IGF1R","Suppressor","FerrDb_V2_early_preview_20231231"
"IGF2BP2","Suppressor","FerrDb_V2_early_preview_20231231"
"IGF2BP3","Suppressor","FerrDb_V2_early_preview_20231231"
"IGFBP6","Suppressor","FerrDb_V2_early_preview_20231231"
"IGFBP7","Driver","FerrDb_V2_early_preview_20231231"
"IL-10","Suppressor","FerrDb_V2_early_preview_20231231"
"IL17A","Driver;Suppressor;Unclassified","FerrDb_V2_early_preview_20231231"
"IL1B","Driver","FerrDb_V2_early_preview_20231231"
"IL23A","Suppressor","FerrDb_V2_early_preview_20231231"
"IL33","Suppressor;Unclassified","FerrDb_V2_early_preview_20231231"
"IL37","Suppressor","FerrDb_V2_early_preview_20231231"
"IL6","Driver;Suppressor;Unclassified","FerrDb_V2_early_preview_20231231"
"IL9","Suppressor","FerrDb_V2_early_preview_20231231"
"INTS2","Driver","FerrDb_V2_early_preview_20231231"
"IREB2","Driver;Marker;Unclassified","FerrDb_V2_early_preview_20231231"
"IRF1","Driver","FerrDb_V2_early_preview_20231231"
"IRF3","Suppressor","FerrDb_V2_early_preview_20231231"
"IRF7","Driver","FerrDb_V2_early_preview_20231231"
"IRF8","Driver","FerrDb_V2_early_preview_20231231"
"IRF9","Driver","FerrDb_V2_early_preview_20231231"
"ISCA2","Suppressor","FerrDb_V2_early_preview_20231231"
"ISCU","Suppressor","FerrDb_V2_early_preview_20231231"
"ITGB2-AS1","Suppressor","FerrDb_V2_early_preview_20231231"
"ITGB3","Suppressor","FerrDb_V2_early_preview_20231231"
"ITPR1","Driver","FerrDb_V2_early_preview_20231231"
"ITPR2","Driver","FerrDb_V2_early_preview_20231231"
"ITPR3","Driver","FerrDb_V2_early_preview_20231231"
"JDP2","Unclassified","FerrDb_V2_early_preview_20231231"
"JUN","Suppressor","FerrDb_V2_early_preview_20231231"
"JUND","Suppressor","FerrDb_V2_early_preview_20231231"
"JUP","Suppressor","FerrDb_V2_early_preview_20231231"
"KAT5","Suppressor","FerrDb_V2_early_preview_20231231"
"KAT6B","Suppressor","FerrDb_V2_early_preview_20231231"
"KCNMA1","Suppressor","FerrDb_V2_early_preview_20231231"
"KCNQ1OT1","Driver","FerrDb_V2_early_preview_20231231"
"KDM1A","Driver;Suppressor","FerrDb_V2_early_preview_20231231"
"KDM3B","Suppressor","FerrDb_V2_early_preview_20231231"
"KDM4A","Suppressor","FerrDb_V2_early_preview_20231231"
"KDM4D","Suppressor","FerrDb_V2_early_preview_20231231"
"KDM5A","Driver","FerrDb_V2_early_preview_20231231"
"KDM5C","Driver","FerrDb_V2_early_preview_20231231"
"KDM6B","Driver","FerrDb_V2_early_preview_20231231"
"KEAP1","Driver;Marker;Unclassified","FerrDb_V2_early_preview_20231231"
"KIF20A","Suppressor","FerrDb_V2_early_preview_20231231"
"KIM-1","Unclassified","FerrDb_V2_early_preview_20231231"
"KL","Suppressor","FerrDb_V2_early_preview_20231231"
"KLF11","Driver","FerrDb_V2_early_preview_20231231"
"KLF15","Suppressor","FerrDb_V2_early_preview_20231231"
"KLF2","Driver","FerrDb_V2_early_preview_20231231"
"KLF6","Driver","FerrDb_V2_early_preview_20231231"
"KLHDC3","Suppressor","FerrDb_V2_early_preview_20231231"
"KLHL24","Unclassified","FerrDb_V2_early_preview_20231231"
"KMT2B","Driver","FerrDb_V2_early_preview_20231231"
"KMT2D","Driver","FerrDb_V2_early_preview_20231231"
"KMT5A","Suppressor","FerrDb_V2_early_preview_20231231"
"KRAS","Driver","FerrDb_V2_early_preview_20231231"
"KRT18","Suppressor","FerrDb_V2_early_preview_20231231"
"LACTB","Driver","FerrDb_V2_early_preview_20231231"
"LAMP2","Suppressor","FerrDb_V2_early_preview_20231231"
"LAMTOR5","Suppressor","FerrDb_V2_early_preview_20231231"
"LCE2C","Driver","FerrDb_V2_early_preview_20231231"
"LCN2","Driver;Suppressor","FerrDb_V2_early_preview_20231231"
"LDHA","Suppressor","FerrDb_V2_early_preview_20231231"
"LDLR","Suppressor","FerrDb_V2_early_preview_20231231"
"LGMN","Driver","FerrDb_V2_early_preview_20231231"
"LIFR","Driver","FerrDb_V2_early_preview_20231231"
"LIG3","Driver","FerrDb_V2_early_preview_20231231"
"LIN28A","Driver","FerrDb_V2_early_preview_20231231"
"LINC-ROR","Driver","FerrDb_V2_early_preview_20231231"
"LINC00239","Suppressor","FerrDb_V2_early_preview_20231231"
"LINC00336","Suppressor","FerrDb_V2_early_preview_20231231"
"LINC00460","Suppressor","FerrDb_V2_early_preview_20231231"
"LINC00472","Driver","FerrDb_V2_early_preview_20231231"
"LINC00578","Suppressor","FerrDb_V2_early_preview_20231231"
"LINC00616","Driver","FerrDb_V2_early_preview_20231231"
"LINC00618","Driver","FerrDb_V2_early_preview_20231231"
"LINC00641","Suppressor","FerrDb_V2_early_preview_20231231"
"LINC00941","Suppressor","FerrDb_V2_early_preview_20231231"
"LINC00976","Suppressor","FerrDb_V2_early_preview_20231231"
"LINC01133","Suppressor","FerrDb_V2_early_preview_20231231"
"LINC01134","Suppressor","FerrDb_V2_early_preview_20231231"
"LINC01564","Suppressor","FerrDb_V2_early_preview_20231231"
"LINC01606","Suppressor","FerrDb_V2_early_preview_20231231"
"LINC01833","Suppressor","FerrDb_V2_early_preview_20231231"
"LINC02587","Suppressor","FerrDb_V2_early_preview_20231231"
"LIP","Driver","FerrDb_V2_early_preview_20231231"
"LNC-MRGPRF-6:1","Driver","FerrDb_V2_early_preview_20231231"
"LNCAABR07025387.1","Driver","FerrDb_V2_early_preview_20231231"
"LNCRNA AABR07017145.1","Driver","FerrDb_V2_early_preview_20231231"
"LOC284561","Unclassified","FerrDb_V2_early_preview_20231231"
"LOC390705","Unclassified","FerrDb_V2_early_preview_20231231"
"LONP1","Driver","FerrDb_V2_early_preview_20231231"
"LOX","Driver;Marker","FerrDb_V2_early_preview_20231231"
"LPCAT3","Driver;Marker","FerrDb_V2_early_preview_20231231"
"LPIN1","Driver","FerrDb_V2_early_preview_20231231"
"LRP8","Suppressor","FerrDb_V2_early_preview_20231231"
"LRRFIP1","Unclassified","FerrDb_V2_early_preview_20231231"
"LRRK2","Suppressor","FerrDb_V2_early_preview_20231231"
"LTBP2","Suppressor","FerrDb_V2_early_preview_20231231"
"LTF","Suppressor","FerrDb_V2_early_preview_20231231"
"LUCAT1","Suppressor","FerrDb_V2_early_preview_20231231"
"LURAP1L","Unclassified","FerrDb_V2_early_preview_20231231"
"LYRM1","Driver","FerrDb_V2_early_preview_20231231"
"MAFG","Unclassified","FerrDb_V2_early_preview_20231231"
"MALAT1","Suppressor","FerrDb_V2_early_preview_20231231"
"MALT1","Driver;Suppressor","FerrDb_V2_early_preview_20231231"
"MAP1LC3A","Driver","FerrDb_V2_early_preview_20231231"
"MAP3K11","Driver","FerrDb_V2_early_preview_20231231"
"MAP3K14","Driver","FerrDb_V2_early_preview_20231231"
"MAP3K5","Unclassified","FerrDb_V2_early_preview_20231231"
"MAP3K7","Suppressor","FerrDb_V2_early_preview_20231231"
"MAPK1","Driver","FerrDb_V2_early_preview_20231231"
"MAPK14","Driver;Unclassified","FerrDb_V2_early_preview_20231231"
"MAPK3","Driver","FerrDb_V2_early_preview_20231231"
"MAPK8","Driver;Suppressor","FerrDb_V2_early_preview_20231231"
"MAPK9","Driver","FerrDb_V2_early_preview_20231231"
"MAPKAP1","Suppressor;Unclassified","FerrDb_V2_early_preview_20231231"
"MARCHF5","Suppressor","FerrDb_V2_early_preview_20231231"
"MARCHF6","Suppressor","FerrDb_V2_early_preview_20231231"
"MAT1A","Driver","FerrDb_V2_early_preview_20231231"
"MAT2A","Suppressor","FerrDb_V2_early_preview_20231231"
"MAZ","Suppressor","FerrDb_V2_early_preview_20231231"
"MBOAT1","Suppressor","FerrDb_V2_early_preview_20231231"
"MBOAT2","Suppressor","FerrDb_V2_early_preview_20231231"
"MBOAT7","Driver","FerrDb_V2_early_preview_20231231"
"MCF2L","Suppressor","FerrDb_V2_early_preview_20231231"
"MCOLN1","Driver","FerrDb_V2_early_preview_20231231"
"MCU","Driver","FerrDb_V2_early_preview_20231231"
"MDM2","Driver;Suppressor","FerrDb_V2_early_preview_20231231"
"MDM4","Driver","FerrDb_V2_early_preview_20231231"
"ME1","Suppressor","FerrDb_V2_early_preview_20231231"
"MEF2C","Suppressor","FerrDb_V2_early_preview_20231231"
"MEG3","Driver","FerrDb_V2_early_preview_20231231"
"MEG8","Suppressor","FerrDb_V2_early_preview_20231231"
"MELK","Suppressor","FerrDb_V2_early_preview_20231231"
"MEN1","Driver","FerrDb_V2_early_preview_20231231"
"METRNL","Suppressor","FerrDb_V2_early_preview_20231231"
"METTL1","Driver","FerrDb_V2_early_preview_20231231"
"METTL14","Driver;Suppressor","FerrDb_V2_early_preview_20231231"
"METTL16","Suppressor","FerrDb_V2_early_preview_20231231"
"METTL3","Driver;Suppressor","FerrDb_V2_early_preview_20231231"
"METTL9","Suppressor","FerrDb_V2_early_preview_20231231"
"MEX3A","Suppressor","FerrDb_V2_early_preview_20231231"
"MFGE8","Suppressor","FerrDb_V2_early_preview_20231231"
"MFN1","Suppressor","FerrDb_V2_early_preview_20231231"
"MFN2","Driver","FerrDb_V2_early_preview_20231231"
"MGST1","Suppressor","FerrDb_V2_early_preview_20231231"
"MIB1","Driver","FerrDb_V2_early_preview_20231231"
"MIB2","Driver","FerrDb_V2_early_preview_20231231"
"MICU1","Driver","FerrDb_V2_early_preview_20231231"
"MIOX","Driver","FerrDb_V2_early_preview_20231231"
"MIR-129-5P","Suppressor","FerrDb_V2_early_preview_20231231"
"MIR-182-5P","Driver","FerrDb_V2_early_preview_20231231"
"MIR-194-5P","Driver","FerrDb_V2_early_preview_20231231"
"MIR-19B-3P","Driver;Suppressor","FerrDb_V2_early_preview_20231231"
"MIR-26A-5P","Suppressor","FerrDb_V2_early_preview_20231231"
"MIR-378A-3P","Driver","FerrDb_V2_early_preview_20231231"
"MIR-7-5P","Suppressor","FerrDb_V2_early_preview_20231231"
"MIR-706","Suppressor","FerrDb_V2_early_preview_20231231"
"MIR1-1","Suppressor","FerrDb_V2_early_preview_20231231"
"MIR1-2","Suppressor","FerrDb_V2_early_preview_20231231"
"MIR124-1","Driver","FerrDb_V2_early_preview_20231231"
"MIR124-2","Driver","FerrDb_V2_early_preview_20231231"
"MIR124-3","Driver;Suppressor","FerrDb_V2_early_preview_20231231"
"MIR125B1","Suppressor","FerrDb_V2_early_preview_20231231"
"MIR125B2","Suppressor","FerrDb_V2_early_preview_20231231"
"MIR127","Driver","FerrDb_V2_early_preview_20231231"
"MIR129-1","Driver","FerrDb_V2_early_preview_20231231"
"MIR129-2","Driver","FerrDb_V2_early_preview_20231231"
"MIR130B","Suppressor","FerrDb_V2_early_preview_20231231"
"MIR135B","Driver","FerrDb_V2_early_preview_20231231"
"MIR137","Suppressor","FerrDb_V2_early_preview_20231231"
"MIR140","Driver","FerrDb_V2_early_preview_20231231"
"MIR142","Driver","FerrDb_V2_early_preview_20231231"
"MIR144","Driver","FerrDb_V2_early_preview_20231231"
"MIR147A","Driver","FerrDb_V2_early_preview_20231231"
"MIR148A","Driver","FerrDb_V2_early_preview_20231231"
"MIR149","Driver","FerrDb_V2_early_preview_20231231"
"MIR15A","Driver","FerrDb_V2_early_preview_20231231"
"MIR16-1","Suppressor","FerrDb_V2_early_preview_20231231"
"MIR16-2","Suppressor","FerrDb_V2_early_preview_20231231"
"MIR17","Suppressor","FerrDb_V2_early_preview_20231231"
"MIR17HG","Suppressor","FerrDb_V2_early_preview_20231231"
"MIR181B1","Driver","FerrDb_V2_early_preview_20231231"
"MIR181B2","Driver","FerrDb_V2_early_preview_20231231"
"MIR18A","Suppressor","FerrDb_V2_early_preview_20231231"
"MIR190A","Suppressor","FerrDb_V2_early_preview_20231231"
"MIR193A","Suppressor","FerrDb_V2_early_preview_20231231"
"MIR19A","Suppressor","FerrDb_V2_early_preview_20231231"
"MIR20A","Suppressor","FerrDb_V2_early_preview_20231231"
"MIR21","Driver;Suppressor","FerrDb_V2_early_preview_20231231"
"MIR210","Suppressor","FerrDb_V2_early_preview_20231231"
"MIR2115","Suppressor","FerrDb_V2_early_preview_20231231"
"MIR212","Suppressor","FerrDb_V2_early_preview_20231231"
"MIR214","Driver;Suppressor","FerrDb_V2_early_preview_20231231"
"MIR217","Suppressor","FerrDb_V2_early_preview_20231231"
"MIR221","Suppressor","FerrDb_V2_early_preview_20231231"
"MIR222","Suppressor","FerrDb_V2_early_preview_20231231"
"MIR23A","Driver;Suppressor","FerrDb_V2_early_preview_20231231"
"MIR26A1","Driver","FerrDb_V2_early_preview_20231231"
"MIR26A2","Driver","FerrDb_V2_early_preview_20231231"
"MIR27A","Driver;Suppressor","FerrDb_V2_early_preview_20231231"
"MIR29A","Suppressor","FerrDb_V2_early_preview_20231231"
"MIR302A","Driver","FerrDb_V2_early_preview_20231231"
"MIR30B","Unclassified","FerrDb_V2_early_preview_20231231"
"MIR30E","Suppressor","FerrDb_V2_early_preview_20231231"
"MIR324","Driver","FerrDb_V2_early_preview_20231231"
"MIR335","Driver","FerrDb_V2_early_preview_20231231"
"MIR338","Driver","FerrDb_V2_early_preview_20231231"
"MIR34C","Driver","FerrDb_V2_early_preview_20231231"
"MIR375","Driver","FerrDb_V2_early_preview_20231231"
"MIR378A","Driver","FerrDb_V2_early_preview_20231231"
"MIR424","Suppressor","FerrDb_V2_early_preview_20231231"
"MIR429","Driver","FerrDb_V2_early_preview_20231231"
"MIR432","Suppressor","FerrDb_V2_early_preview_20231231"
"MIR4443","Suppressor","FerrDb_V2_early_preview_20231231"
"MIR450B","Suppressor","FerrDb_V2_early_preview_20231231"
"MIR4715","Unclassified","FerrDb_V2_early_preview_20231231"
"MIR4735","Driver","FerrDb_V2_early_preview_20231231"
"MIR491","Suppressor","FerrDb_V2_early_preview_20231231"
"MIR494","Driver","FerrDb_V2_early_preview_20231231"
"MIR509-1","Driver","FerrDb_V2_early_preview_20231231"
"MIR5096","Driver","FerrDb_V2_early_preview_20231231"
"MIR522","Suppressor","FerrDb_V2_early_preview_20231231"
"MIR539","Driver","FerrDb_V2_early_preview_20231231"
"MIR545","Suppressor","FerrDb_V2_early_preview_20231231"
"MIR552","Suppressor","FerrDb_V2_early_preview_20231231"
"MIR605","Driver","FerrDb_V2_early_preview_20231231"
"MIR6077","Suppressor","FerrDb_V2_early_preview_20231231"
"MIR612","Driver","FerrDb_V2_early_preview_20231231"
"MIR6315","Driver","FerrDb_V2_early_preview_20231231"
"MIR670","Suppressor","FerrDb_V2_early_preview_20231231"
"MIR6852","Driver","FerrDb_V2_early_preview_20231231"
"MIR761","Driver","FerrDb_V2_early_preview_20231231"
"MIR770","Driver","FerrDb_V2_early_preview_20231231"
"MIR9-1","Suppressor","FerrDb_V2_early_preview_20231231"
"MIR9-2","Suppressor","FerrDb_V2_early_preview_20231231"
"MIR9-3","Suppressor","FerrDb_V2_early_preview_20231231"
"MIR9-3HG","Suppressor","FerrDb_V2_early_preview_20231231"
"MIR93","Driver","FerrDb_V2_early_preview_20231231"
"MIR96","Suppressor","FerrDb_V2_early_preview_20231231"
"MIRN672","Driver","FerrDb_V2_early_preview_20231231"
"MITD1","Suppressor","FerrDb_V2_early_preview_20231231"
"MITF","Suppressor","FerrDb_V2_early_preview_20231231"
"MLLT1","Driver","FerrDb_V2_early_preview_20231231"
"MLST8","Suppressor;Unclassified","FerrDb_V2_early_preview_20231231"
"MMD","Driver","FerrDb_V2_early_preview_20231231"
"MMP13","Unclassified","FerrDb_V2_early_preview_20231231"
"MMU_CIRCRNA_0000309","Suppressor","FerrDb_V2_early_preview_20231231"
"MPC1","Suppressor","FerrDb_V2_early_preview_20231231"
"MPO","Driver","FerrDb_V2_early_preview_20231231"
"MRTFA","Suppressor","FerrDb_V2_early_preview_20231231"
"MS4A15","Suppressor","FerrDb_V2_early_preview_20231231"
"MT-RNR1","Suppressor","FerrDb_V2_early_preview_20231231"
"MT1DP","Driver","FerrDb_V2_early_preview_20231231"
"MT1G","Marker;Suppressor","FerrDb_V2_early_preview_20231231"
"MT3","Unclassified","FerrDb_V2_early_preview_20231231"
"MTCH1","Driver;Suppressor","FerrDb_V2_early_preview_20231231"
"MTDH","Driver","FerrDb_V2_early_preview_20231231"
"MTF1","Suppressor","FerrDb_V2_early_preview_20231231"
"MTHFR","Suppressor","FerrDb_V2_early_preview_20231231"
"MTOR","Driver;Suppressor;Unclassified","FerrDb_V2_early_preview_20231231"
"MTTP","Suppressor","FerrDb_V2_early_preview_20231231"
"MUC1","Suppressor","FerrDb_V2_early_preview_20231231"
"MXRA8","Suppressor","FerrDb_V2_early_preview_20231231"
"MYB","Driver","FerrDb_V2_early_preview_20231231"
"MYC","Suppressor","FerrDb_V2_early_preview_20231231"
"MYCN","Driver;Unclassified","FerrDb_V2_early_preview_20231231"
"NAT10","Suppressor","FerrDb_V2_early_preview_20231231"
"NCF2","Unclassified","FerrDb_V2_early_preview_20231231"
"NCOA3","Suppressor","FerrDb_V2_early_preview_20231231"
"NCOA4","Driver;Marker","FerrDb_V2_early_preview_20231231"
"NDRG1","Driver;Suppressor","FerrDb_V2_early_preview_20231231"
"NDUFA4","Suppressor","FerrDb_V2_early_preview_20231231"
"NEAT1","Driver;Suppressor","FerrDb_V2_early_preview_20231231"
"NEDD4","Suppressor","FerrDb_V2_early_preview_20231231"
"NEDD4L","Driver;Suppressor","FerrDb_V2_early_preview_20231231"
"NEUROD1","Suppressor","FerrDb_V2_early_preview_20231231"
"NF2","Suppressor","FerrDb_V2_early_preview_20231231"
"NFE2L1","Suppressor","FerrDb_V2_early_preview_20231231"
"NFE2L2","Driver;Marker;Suppressor;Unclassified","FerrDb_V2_early_preview_20231231"
"NFKB2","Suppressor","FerrDb_V2_early_preview_20231231"
"NFS1","Marker;Suppressor","FerrDb_V2_early_preview_20231231"
"NGB","Unclassified","FerrDb_V2_early_preview_20231231"
"NHLRC1","Driver","FerrDb_V2_early_preview_20231231"
"NKAP","Suppressor","FerrDb_V2_early_preview_20231231"
"NLRP3","Driver","FerrDb_V2_early_preview_20231231"
"NMDAR","Driver","FerrDb_V2_early_preview_20231231"
"NNMT","Unclassified","FerrDb_V2_early_preview_20231231"
"NOD1","Suppressor","FerrDb_V2_early_preview_20231231"
"NODAL","Suppressor","FerrDb_V2_early_preview_20231231"
"NOS2","Suppressor;Unclassified","FerrDb_V2_early_preview_20231231"
"NOTCH3","Suppressor","FerrDb_V2_early_preview_20231231"
"NOX1","Driver;Marker","FerrDb_V2_early_preview_20231231"
"NOX3","Driver","FerrDb_V2_early_preview_20231231"
"NOX4","Driver;Marker","FerrDb_V2_early_preview_20231231"
"NOX5","Driver","FerrDb_V2_early_preview_20231231"
"NPC1","Suppressor","FerrDb_V2_early_preview_20231231"
"NQO1","Marker;Suppressor","FerrDb_V2_early_preview_20231231"
"NR0B1","Suppressor","FerrDb_V2_early_preview_20231231"
"NR1D1","Driver","FerrDb_V2_early_preview_20231231"
"NR1D2","Driver","FerrDb_V2_early_preview_20231231"
"NR1H4","Suppressor","FerrDb_V2_early_preview_20231231"
"NR2F2","Driver","FerrDb_V2_early_preview_20231231"
"NR4A1","Suppressor","FerrDb_V2_early_preview_20231231"
"NR5A2","Suppressor","FerrDb_V2_early_preview_20231231"
"NRAS","Driver","FerrDb_V2_early_preview_20231231"
"NSUN2","Suppressor","FerrDb_V2_early_preview_20231231"
"NSUN5","Suppressor","FerrDb_V2_early_preview_20231231"
"NT5DC2","Suppressor","FerrDb_V2_early_preview_20231231"
"NTN1","Suppressor","FerrDb_V2_early_preview_20231231"
"NTRK2","Driver;Suppressor","FerrDb_V2_early_preview_20231231"
"NUAK2","Driver","FerrDb_V2_early_preview_20231231"
"NUP62","Driver;Suppressor","FerrDb_V2_early_preview_20231231"
"NUPR1","Suppressor","FerrDb_V2_early_preview_20231231"
"OGFRP1","Suppressor","FerrDb_V2_early_preview_20231231"
"OGT","Suppressor","FerrDb_V2_early_preview_20231231"
"OIP5-AS1","Suppressor","FerrDb_V2_early_preview_20231231"
"OMA1","Suppressor","FerrDb_V2_early_preview_20231231"
"OPRM1","Suppressor","FerrDb_V2_early_preview_20231231"
"ORMDL3","Driver","FerrDb_V2_early_preview_20231231"
"OSBPL9","Driver","FerrDb_V2_early_preview_20231231"
"OSFER2","Driver","FerrDb_V2_early_preview_20231231"
"OTUB1","Suppressor","FerrDb_V2_early_preview_20231231"
"OTUD5","Suppressor","FerrDb_V2_early_preview_20231231"
"OTUD6B-AS1","Driver","FerrDb_V2_early_preview_20231231"
"OXSR1","Unclassified","FerrDb_V2_early_preview_20231231"
"P2RX7","Driver","FerrDb_V2_early_preview_20231231"
"P4HA1","Suppressor","FerrDb_V2_early_preview_20231231"
"P4HB","Driver;Suppressor","FerrDb_V2_early_preview_20231231"
"P66SHC","Driver","FerrDb_V2_early_preview_20231231"
"PADI4","Driver","FerrDb_V2_early_preview_20231231"
"PANX1","Driver","FerrDb_V2_early_preview_20231231"
"PANX2","Suppressor","FerrDb_V2_early_preview_20231231"
"PAQR3","Driver","FerrDb_V2_early_preview_20231231"
"PARK7","Suppressor","FerrDb_V2_early_preview_20231231"
"PARL","Suppressor","FerrDb_V2_early_preview_20231231"
"PARP1","Suppressor","FerrDb_V2_early_preview_20231231"
"PARP10","Suppressor","FerrDb_V2_early_preview_20231231"
"PARP11","Suppressor","FerrDb_V2_early_preview_20231231"
"PARP12","Suppressor","FerrDb_V2_early_preview_20231231"
"PARP14","Suppressor","FerrDb_V2_early_preview_20231231"
"PARP15","Suppressor","FerrDb_V2_early_preview_20231231"
"PARP16","Suppressor","FerrDb_V2_early_preview_20231231"
"PARP2","Suppressor","FerrDb_V2_early_preview_20231231"
"PARP3","Suppressor","FerrDb_V2_early_preview_20231231"
"PARP4","Suppressor","FerrDb_V2_early_preview_20231231"
"PARP6","Suppressor","FerrDb_V2_early_preview_20231231"
"PARP8","Suppressor","FerrDb_V2_early_preview_20231231"
"PARP9","Suppressor","FerrDb_V2_early_preview_20231231"
"PCAT1","Suppressor","FerrDb_V2_early_preview_20231231"
"PCBP1","Suppressor","FerrDb_V2_early_preview_20231231"
"PCBP2","Suppressor","FerrDb_V2_early_preview_20231231"
"PCDH7","Suppressor","FerrDb_V2_early_preview_20231231"
"PCDHB14","Driver","FerrDb_V2_early_preview_20231231"
"PCK2","Unclassified","FerrDb_V2_early_preview_20231231"
"PCSK9","Suppressor","FerrDb_V2_early_preview_20231231"
"PDE4A","Driver","FerrDb_V2_early_preview_20231231"
"PDE4B","Driver","FerrDb_V2_early_preview_20231231"
"PDE4C","Driver","FerrDb_V2_early_preview_20231231"
"PDE4D","Driver","FerrDb_V2_early_preview_20231231"
"PDGFRA","Suppressor","FerrDb_V2_early_preview_20231231"
"PDIA2","Driver","FerrDb_V2_early_preview_20231231"
"PDIA4","Suppressor","FerrDb_V2_early_preview_20231231"
"PDK4","Suppressor","FerrDb_V2_early_preview_20231231"
"PDSS2","Suppressor","FerrDb_V2_early_preview_20231231"
"PEBP1","Driver;Marker","FerrDb_V2_early_preview_20231231"
"PEDS1","Suppressor","FerrDb_V2_early_preview_20231231"
"PELATON","Suppressor","FerrDb_V2_early_preview_20231231"
"PER1","Driver;Suppressor","FerrDb_V2_early_preview_20231231"
"PER2","Driver;Suppressor","FerrDb_V2_early_preview_20231231"
"PEX10","Driver","FerrDb_V2_early_preview_20231231"
"PEX12","Driver","FerrDb_V2_early_preview_20231231"
"PEX14","Suppressor","FerrDb_V2_early_preview_20231231"
"PEX2","Driver","FerrDb_V2_early_preview_20231231"
"PEX3","Driver","FerrDb_V2_early_preview_20231231"
"PEX6","Driver","FerrDb_V2_early_preview_20231231"
"PFKFB2","Suppressor","FerrDb_V2_early_preview_20231231"
"PGAM1","Suppressor","FerrDb_V2_early_preview_20231231"
"PGAM5","Suppressor","FerrDb_V2_early_preview_20231231"
"PGD","Driver;Marker","FerrDb_V2_early_preview_20231231"
"PGM5P3-AS1","Driver","FerrDb_V2_early_preview_20231231"
"PGRMC1","Driver;Suppressor","FerrDb_V2_early_preview_20231231"
"PHF21A","Driver","FerrDb_V2_early_preview_20231231"
"PHGDH","Suppressor","FerrDb_V2_early_preview_20231231"
"PHKG2","Driver;Marker","FerrDb_V2_early_preview_20231231"
"PI3K","Suppressor","FerrDb_V2_early_preview_20231231"
"PIAS3","Driver","FerrDb_V2_early_preview_20231231"
"PIEZO1","Driver","FerrDb_V2_early_preview_20231231"
"PIK3CA","Driver;Suppressor","FerrDb_V2_early_preview_20231231"
"PIM1","Suppressor","FerrDb_V2_early_preview_20231231"
"PIM3","Driver","FerrDb_V2_early_preview_20231231"
"PINK1","Suppressor","FerrDb_V2_early_preview_20231231"
"PIR","Suppressor","FerrDb_V2_early_preview_20231231"
"PKM","Suppressor","FerrDb_V2_early_preview_20231231"
"PKM2","Suppressor","FerrDb_V2_early_preview_20231231"
"PLA2G6","Suppressor","FerrDb_V2_early_preview_20231231"
"PLA2G7","Suppressor","FerrDb_V2_early_preview_20231231"
"PLIN2","Suppressor","FerrDb_V2_early_preview_20231231"
"PLIN4","Unclassified","FerrDb_V2_early_preview_20231231"
"PLK1","Suppressor","FerrDb_V2_early_preview_20231231"
"PLTP","Suppressor","FerrDb_V2_early_preview_20231231"
"PML","Suppressor","FerrDb_V2_early_preview_20231231"
"PNO1","Suppressor","FerrDb_V2_early_preview_20231231"
"POLE2","Suppressor","FerrDb_V2_early_preview_20231231"
"POM121L12","Driver","FerrDb_V2_early_preview_20231231"
"POMC","Driver","FerrDb_V2_early_preview_20231231"
"POR","Driver","FerrDb_V2_early_preview_20231231"
"POU2F2","Suppressor","FerrDb_V2_early_preview_20231231"
"PPARA","Suppressor","FerrDb_V2_early_preview_20231231"
"PPARD","Suppressor","FerrDb_V2_early_preview_20231231"
"PPARG","Driver;Suppressor","FerrDb_V2_early_preview_20231231"
"PPARGC1A","Suppressor","FerrDb_V2_early_preview_20231231"
"PPM1K","Driver","FerrDb_V2_early_preview_20231231"
"PPP1R13L","Suppressor","FerrDb_V2_early_preview_20231231"
"PPP2R2B","Driver","FerrDb_V2_early_preview_20231231"
"PRDX1","Suppressor;Unclassified","FerrDb_V2_early_preview_20231231"
"PRDX2","Suppressor","FerrDb_V2_early_preview_20231231"
"PRDX3","Driver;Marker","FerrDb_V2_early_preview_20231231"
"PRDX4","Suppressor","FerrDb_V2_early_preview_20231231"
"PRDX6","Suppressor","FerrDb_V2_early_preview_20231231"
"PRKAA1","Driver","FerrDb_V2_early_preview_20231231"
"PRKAA2","Driver;Suppressor","FerrDb_V2_early_preview_20231231"
"PRKCA","Driver","FerrDb_V2_early_preview_20231231"
"PRKCB","Driver","FerrDb_V2_early_preview_20231231"
"PRKCG","Suppressor","FerrDb_V2_early_preview_20231231"
"PRKD1","Driver","FerrDb_V2_early_preview_20231231"
"PRKD2","Suppressor","FerrDb_V2_early_preview_20231231"
"PRMT1","Suppressor","FerrDb_V2_early_preview_20231231"
"PRMT5","Suppressor","FerrDb_V2_early_preview_20231231"
"PRMT8","Suppressor","FerrDb_V2_early_preview_20231231"
"PRMT9","Suppressor","FerrDb_V2_early_preview_20231231"
"PRNP","Unclassified","FerrDb_V2_early_preview_20231231"
"PROK2","Suppressor","FerrDb_V2_early_preview_20231231"
"PROM2","Suppressor","FerrDb_V2_early_preview_20231231"
"PROX1","Suppressor","FerrDb_V2_early_preview_20231231"
"PRR5","Suppressor;Unclassified","FerrDb_V2_early_preview_20231231"
"PSAT1","Unclassified","FerrDb_V2_early_preview_20231231"
"PSEN1","Suppressor","FerrDb_V2_early_preview_20231231"
"PSEN2","Suppressor","FerrDb_V2_early_preview_20231231"
"PSTK","Suppressor","FerrDb_V2_early_preview_20231231"
"PTBP1","Driver","FerrDb_V2_early_preview_20231231"
"PTEN","Driver","FerrDb_V2_early_preview_20231231"
"PTGER1","Suppressor","FerrDb_V2_early_preview_20231231"
"PTGES2","Driver","FerrDb_V2_early_preview_20231231"
"PTGS2","Driver;Marker","FerrDb_V2_early_preview_20231231"
"PTPMT1","Suppressor","FerrDb_V2_early_preview_20231231"
"PTPN11","Driver","FerrDb_V2_early_preview_20231231"
"PTPN18","Suppressor","FerrDb_V2_early_preview_20231231"
"PTPN6","Driver","FerrDb_V2_early_preview_20231231"
"PTPRC","Suppressor","FerrDb_V2_early_preview_20231231"
"PUM2","Unclassified","FerrDb_V2_early_preview_20231231"
"PVT1","Driver","FerrDb_V2_early_preview_20231231"
"PYCR1","Suppressor","FerrDb_V2_early_preview_20231231"
"QSOX1","Driver","FerrDb_V2_early_preview_20231231"
"RAB26","Suppressor","FerrDb_V2_early_preview_20231231"
"RAP1GDS1","Suppressor","FerrDb_V2_early_preview_20231231"
"RAPGEF3","Driver","FerrDb_V2_early_preview_20231231"
"RARRES2","Suppressor","FerrDb_V2_early_preview_20231231"
"RB1","Suppressor","FerrDb_V2_early_preview_20231231"
"RB1CC1","Driver","FerrDb_V2_early_preview_20231231"
"RBM15","Suppressor","FerrDb_V2_early_preview_20231231"
"RBM24","Suppressor","FerrDb_V2_early_preview_20231231"
"RBM3","Driver","FerrDb_V2_early_preview_20231231"
"RBMS1","Driver;Suppressor","FerrDb_V2_early_preview_20231231"
"RELA","Suppressor;Unclassified","FerrDb_V2_early_preview_20231231"
"REST","Driver;Suppressor","FerrDb_V2_early_preview_20231231"
"RGS4","Unclassified","FerrDb_V2_early_preview_20231231"
"RHEBP1","Suppressor","FerrDb_V2_early_preview_20231231"
"RICTOR","Suppressor;Unclassified","FerrDb_V2_early_preview_20231231"
"RIPK1","Unclassified","FerrDb_V2_early_preview_20231231"
"RIPK3","Suppressor","FerrDb_V2_early_preview_20231231"
"RND1","Driver","FerrDb_V2_early_preview_20231231"
"RNF113A","Suppressor","FerrDb_V2_early_preview_20231231"
"RNF25","Suppressor","FerrDb_V2_early_preview_20231231"
"RPL8","Driver;Marker;Unclassified","FerrDb_V2_early_preview_20231231"
"RPLP2","Suppressor","FerrDb_V2_early_preview_20231231"
"RPTOR","Suppressor","FerrDb_V2_early_preview_20231231"
"RRAD","Driver","FerrDb_V2_early_preview_20231231"
"RRM1","Driver;Suppressor","FerrDb_V2_early_preview_20231231"
"RRM2","Driver;Suppressor;Unclassified","FerrDb_V2_early_preview_20231231"
"RSL1D1","Suppressor","FerrDb_V2_early_preview_20231231"
"RUNX3","Driver","FerrDb_V2_early_preview_20231231"
"RXRG","Suppressor","FerrDb_V2_early_preview_20231231"
"S100A8","Driver","FerrDb_V2_early_preview_20231231"
"SAT1","Driver;Marker","FerrDb_V2_early_preview_20231231"
"SATB1","Suppressor","FerrDb_V2_early_preview_20231231"
"SCARA5","Driver","FerrDb_V2_early_preview_20231231"
"SCD","Suppressor","FerrDb_V2_early_preview_20231231"
"SCD1","Suppressor","FerrDb_V2_early_preview_20231231"
"SCD5","Suppressor","FerrDb_V2_early_preview_20231231"
"SCP2","Driver","FerrDb_V2_early_preview_20231231"
"SDCBP2-AS1","Suppressor","FerrDb_V2_early_preview_20231231"
"SDHA","Suppressor","FerrDb_V2_early_preview_20231231"
"SDHB","Suppressor","FerrDb_V2_early_preview_20231231"
"SDHC","Suppressor","FerrDb_V2_early_preview_20231231"
"SDHD","Suppressor","FerrDb_V2_early_preview_20231231"
"SEC24B","Driver","FerrDb_V2_early_preview_20231231"
"SELENOK","Suppressor","FerrDb_V2_early_preview_20231231"
"SELENOP","Suppressor","FerrDb_V2_early_preview_20231231"
"SELENOS","Unclassified","FerrDb_V2_early_preview_20231231"
"SENP1","Suppressor","FerrDb_V2_early_preview_20231231"
"SERPINF1","Suppressor","FerrDb_V2_early_preview_20231231"
"SESN1","Suppressor","FerrDb_V2_early_preview_20231231"
"SESN2","Suppressor;Unclassified","FerrDb_V2_early_preview_20231231"
"SESTRIN2","Suppressor","FerrDb_V2_early_preview_20231231"
"SETD1A","Suppressor","FerrDb_V2_early_preview_20231231"
"SETD1B","Unclassified","FerrDb_V2_early_preview_20231231"
"SETD2","Suppressor","FerrDb_V2_early_preview_20231231"
"SETD7","Driver","FerrDb_V2_early_preview_20231231"
"SGK2","Suppressor","FerrDb_V2_early_preview_20231231"
"SHARPIN","Driver;Suppressor","FerrDb_V2_early_preview_20231231"
"SHP-1","Driver","FerrDb_V2_early_preview_20231231"
"SIAH2","Suppressor","FerrDb_V2_early_preview_20231231"
"SIRT1","Driver;Suppressor","FerrDb_V2_early_preview_20231231"
"SIRT2","Suppressor","FerrDb_V2_early_preview_20231231"
"SIRT3","Driver;Suppressor","FerrDb_V2_early_preview_20231231"
"SIRT4","Suppressor","FerrDb_V2_early_preview_20231231"
"SIRT6","Driver;Suppressor","FerrDb_V2_early_preview_20231231"
"SIRT7","Suppressor","FerrDb_V2_early_preview_20231231"
"SLAMF8","Driver","FerrDb_V2_early_preview_20231231"
"SLC11A2","Driver;Suppressor","FerrDb_V2_early_preview_20231231"
"SLC12A5","Suppressor","FerrDb_V2_early_preview_20231231"
"SLC16A1","Suppressor","FerrDb_V2_early_preview_20231231"
"SLC16A1-AS1","Suppressor","FerrDb_V2_early_preview_20231231"
"SLC1A4","Unclassified","FerrDb_V2_early_preview_20231231"
"SLC1A5","Driver;Marker;Suppressor","FerrDb_V2_early_preview_20231231"
"SLC25A11","Suppressor","FerrDb_V2_early_preview_20231231"
"SLC25A22","Suppressor","FerrDb_V2_early_preview_20231231"
"SLC25A28","Driver","FerrDb_V2_early_preview_20231231"
"SLC25A37","Driver","FerrDb_V2_early_preview_20231231"
"SLC27A4","Suppressor","FerrDb_V2_early_preview_20231231"
"SLC27A5","Driver","FerrDb_V2_early_preview_20231231"
"SLC2A1","Unclassified","FerrDb_V2_early_preview_20231231"
"SLC2A12","Suppressor;Unclassified","FerrDb_V2_early_preview_20231231"
"SLC2A14","Unclassified","FerrDb_V2_early_preview_20231231"
"SLC2A3","Unclassified","FerrDb_V2_early_preview_20231231"
"SLC2A6","Unclassified","FerrDb_V2_early_preview_20231231"
"SLC2A8","Unclassified","FerrDb_V2_early_preview_20231231"
"SLC35F2","Suppressor","FerrDb_V2_early_preview_20231231"
"SLC38A1","Driver","FerrDb_V2_early_preview_20231231"
"SLC38A2","Suppressor","FerrDb_V2_early_preview_20231231"
"SLC38A5","Suppressor","FerrDb_V2_early_preview_20231231"
"SLC39A14","Driver;Suppressor","FerrDb_V2_early_preview_20231231"
"SLC39A7","Driver","FerrDb_V2_early_preview_20231231"
"SLC39A8","Driver","FerrDb_V2_early_preview_20231231"
"SLC3A2","Suppressor;Unclassified","FerrDb_V2_early_preview_20231231"
"SLC40A1","Marker;Suppressor","FerrDb_V2_early_preview_20231231"
"SLC43A2","Suppressor","FerrDb_V2_early_preview_20231231"
"SLC47A1","Suppressor","FerrDb_V2_early_preview_20231231"
"SLC6A14","Driver","FerrDb_V2_early_preview_20231231"
"SLC7A11","Driver;Marker;Suppressor;Unclassified","FerrDb_V2_early_preview_20231231"
"SLC7A11-AS1","Driver","FerrDb_V2_early_preview_20231231"
"SLC7A5","Unclassified","FerrDb_V2_early_preview_20231231"
"SMAD3","Suppressor","FerrDb_V2_early_preview_20231231"
"SMAD4","Driver","FerrDb_V2_early_preview_20231231"
"SMAD7","Driver","FerrDb_V2_early_preview_20231231"
"SMARCB1","Driver","FerrDb_V2_early_preview_20231231"
"SMG9","Driver","FerrDb_V2_early_preview_20231231"
"SMPD1","Driver;Suppressor","FerrDb_V2_early_preview_20231231"
"SMURF2","Driver","FerrDb_V2_early_preview_20231231"
"SNAI2","Suppressor","FerrDb_V2_early_preview_20231231"
"SNAI3-AS1","Driver","FerrDb_V2_early_preview_20231231"
"SNAP25","Suppressor","FerrDb_V2_early_preview_20231231"
"SNCA","Driver","FerrDb_V2_early_preview_20231231"
"SND1","Driver;Suppressor","FerrDb_V2_early_preview_20231231"
"SNHG1","Driver;Suppressor","FerrDb_V2_early_preview_20231231"
"SNHG14","Suppressor","FerrDb_V2_early_preview_20231231"
"SNHG7","Driver","FerrDb_V2_early_preview_20231231"
"SNORA16A","Unclassified","FerrDb_V2_early_preview_20231231"
"SNORA56","Suppressor","FerrDb_V2_early_preview_20231231"
"SNX3","Driver","FerrDb_V2_early_preview_20231231"
"SNX4","Driver","FerrDb_V2_early_preview_20231231"
"SNX5","Driver","FerrDb_V2_early_preview_20231231"
"SOCS1","Driver","FerrDb_V2_early_preview_20231231"
"SOCS2","Driver","FerrDb_V2_early_preview_20231231"
"SOD1","Driver","FerrDb_V2_early_preview_20231231"
"SOD2","Suppressor","FerrDb_V2_early_preview_20231231"
"SOX10","Driver","FerrDb_V2_early_preview_20231231"
"SOX15","Driver","FerrDb_V2_early_preview_20231231"
"SOX2","Suppressor","FerrDb_V2_early_preview_20231231"
"SOX8","Driver","FerrDb_V2_early_preview_20231231"
"SP1","Driver;Unclassified","FerrDb_V2_early_preview_20231231"
"SPATA2","Driver","FerrDb_V2_early_preview_20231231"
"SPDYA","Suppressor","FerrDb_V2_early_preview_20231231"
"SPHK1","Driver","FerrDb_V2_early_preview_20231231"
"SPI1","Suppressor","FerrDb_V2_early_preview_20231231"
"SPINK4","Suppressor","FerrDb_V2_early_preview_20231231"
"SQLE","Marker;Suppressor","FerrDb_V2_early_preview_20231231"
"SQOR","Suppressor","FerrDb_V2_early_preview_20231231"
"SQSTM1","Driver;Suppressor","FerrDb_V2_early_preview_20231231"
"SRC","Suppressor","FerrDb_V2_early_preview_20231231"
"SREBF1","Suppressor","FerrDb_V2_early_preview_20231231"
"SREBF2","Suppressor","FerrDb_V2_early_preview_20231231"
"SRSF1","Suppressor","FerrDb_V2_early_preview_20231231"
"SRSF9","Suppressor","FerrDb_V2_early_preview_20231231"
"SRXN1","Unclassified","FerrDb_V2_early_preview_20231231"
"SSBP1","Driver","FerrDb_V2_early_preview_20231231"
"STARD7","Suppressor","FerrDb_V2_early_preview_20231231"
"STAT3","Driver;Suppressor","FerrDb_V2_early_preview_20231231"
"STAT6","Suppressor","FerrDb_V2_early_preview_20231231"
"STC1","Suppressor","FerrDb_V2_early_preview_20231231"
"STC2","Suppressor","FerrDb_V2_early_preview_20231231"
"STEAP1","Driver","FerrDb_V2_early_preview_20231231"
"STEAP3","Marker;Suppressor;Unclassified","FerrDb_V2_early_preview_20231231"
"STING","Driver","FerrDb_V2_early_preview_20231231"
"STING1","Driver","FerrDb_V2_early_preview_20231231"
"STK11","Suppressor","FerrDb_V2_early_preview_20231231"
"STMN1","Unclassified","FerrDb_V2_early_preview_20231231"
"SUFU","Suppressor","FerrDb_V2_early_preview_20231231"
"SUV39H1","Suppressor","FerrDb_V2_early_preview_20231231"
"SYNPR-AS1","Driver","FerrDb_V2_early_preview_20231231"
"SYVN1","Suppressor","FerrDb_V2_early_preview_20231231"
"TAFAZZIN","Driver","FerrDb_V2_early_preview_20231231"
"TBK1","Driver","FerrDb_V2_early_preview_20231231"
"TBX1","Suppressor","FerrDb_V2_early_preview_20231231"
"TBX2","Driver","FerrDb_V2_early_preview_20231231"
"TCF4","Suppressor","FerrDb_V2_early_preview_20231231"
"TCL6","Driver","FerrDb_V2_early_preview_20231231"
"TEAD1","Suppressor","FerrDb_V2_early_preview_20231231"
"TERF2","Suppressor","FerrDb_V2_early_preview_20231231"
"TERT","Suppressor","FerrDb_V2_early_preview_20231231"
"TET2","Suppressor","FerrDb_V2_early_preview_20231231"
"TF","Driver;Marker;Suppressor;Unclassified","FerrDb_V2_early_preview_20231231"
"TFAM","Suppressor","FerrDb_V2_early_preview_20231231"
"TFAP2A","Suppressor","FerrDb_V2_early_preview_20231231"
"TFAP2C","Suppressor;Unclassified","FerrDb_V2_early_preview_20231231"
"TFEB","Suppressor","FerrDb_V2_early_preview_20231231"
"TFR1","Driver","FerrDb_V2_early_preview_20231231"
"TFR2","Driver","FerrDb_V2_early_preview_20231231"
"TFRC","Driver;Marker;Suppressor;Unclassified","FerrDb_V2_early_preview_20231231"
"TGFB1","Driver","FerrDb_V2_early_preview_20231231"
"TGFB2","Driver","FerrDb_V2_early_preview_20231231"
"TGFBR1","Driver","FerrDb_V2_early_preview_20231231"
"TIGAR","Suppressor","FerrDb_V2_early_preview_20231231"
"TILRLS","Driver","FerrDb_V2_early_preview_20231231"
"TIMM9","Driver","FerrDb_V2_early_preview_20231231"
"TIMP1","Driver;Suppressor","FerrDb_V2_early_preview_20231231"
"TLR4","Driver","FerrDb_V2_early_preview_20231231"
"TMBIM4","Suppressor","FerrDb_V2_early_preview_20231231"
"TMEM147","Suppressor","FerrDb_V2_early_preview_20231231"
"TMEM161B-DT","Suppressor","FerrDb_V2_early_preview_20231231"
"TMEM164","Driver","FerrDb_V2_early_preview_20231231"
"TMEM43","Suppressor","FerrDb_V2_early_preview_20231231"
"TMEM44-AS1","Suppressor","FerrDb_V2_early_preview_20231231"
"TMSB4X","Suppressor","FerrDb_V2_early_preview_20231231"
"TMSB4Y","Suppressor","FerrDb_V2_early_preview_20231231"
"TNF","Driver;Suppressor","FerrDb_V2_early_preview_20231231"
"TNFAIP1","Driver","FerrDb_V2_early_preview_20231231"
"TNFAIP3","Driver","FerrDb_V2_early_preview_20231231"
"TNFAIP8L2","Driver","FerrDb_V2_early_preview_20231231"
"TOR2A","Driver","FerrDb_V2_early_preview_20231231"
"TP53","Driver;Suppressor","FerrDb_V2_early_preview_20231231"
"TP63","Suppressor","FerrDb_V2_early_preview_20231231"
"TRIB2","Suppressor","FerrDb_V2_early_preview_20231231"
"TRIB3","Unclassified","FerrDb_V2_early_preview_20231231"
"TRIM11","Suppressor","FerrDb_V2_early_preview_20231231"
"TRIM16","Driver","FerrDb_V2_early_preview_20231231"
"TRIM21","Driver;Suppressor","FerrDb_V2_early_preview_20231231"
"TRIM26","Driver;Suppressor","FerrDb_V2_early_preview_20231231"
"TRIM3","Driver","FerrDb_V2_early_preview_20231231"
"TRIM44","Driver","FerrDb_V2_early_preview_20231231"
"TRIM46","Driver","FerrDb_V2_early_preview_20231231"
"TRIM59","Driver","FerrDb_V2_early_preview_20231231"
"TRIM6","Suppressor","FerrDb_V2_early_preview_20231231"
"TRIM7","Suppressor","FerrDb_V2_early_preview_20231231"
"TRPM2","Suppressor","FerrDb_V2_early_preview_20231231"
"TRPM7","Driver","FerrDb_V2_early_preview_20231231"
"TRPV1","Suppressor","FerrDb_V2_early_preview_20231231"
"TSC1","Driver","FerrDb_V2_early_preview_20231231"
"TSC22D3","Unclassified","FerrDb_V2_early_preview_20231231"
"TSPO","Suppressor","FerrDb_V2_early_preview_20231231"
"TTPA","Driver","FerrDb_V2_early_preview_20231231"
"TUBE1","Unclassified","FerrDb_V2_early_preview_20231231"
"TUG1","Driver;Suppressor","FerrDb_V2_early_preview_20231231"
"TULP1","Suppressor","FerrDb_V2_early_preview_20231231"
"TXN","Suppressor","FerrDb_V2_early_preview_20231231"
"TXNDC12","Suppressor","FerrDb_V2_early_preview_20231231"
"TXNIP","Driver;Unclassified","FerrDb_V2_early_preview_20231231"
"TXNRD1","Suppressor;Unclassified","FerrDb_V2_early_preview_20231231"
"TXNRD3","Suppressor","FerrDb_V2_early_preview_20231231"
"TYRO3","Suppressor","FerrDb_V2_early_preview_20231231"
"UBC","Unclassified","FerrDb_V2_early_preview_20231231"
"UBIAD1","Suppressor","FerrDb_V2_early_preview_20231231"
"UC.339","Suppressor","FerrDb_V2_early_preview_20231231"
"UCHL3","Suppressor","FerrDb_V2_early_preview_20231231"
"UCKL1","Suppressor","FerrDb_V2_early_preview_20231231"
"UFL1","Suppressor","FerrDb_V2_early_preview_20231231"
"UHRF1","Driver;Suppressor","FerrDb_V2_early_preview_20231231"
"ULK1","Driver","FerrDb_V2_early_preview_20231231"
"ULK2","Driver","FerrDb_V2_early_preview_20231231"
"UMPS","Suppressor","FerrDb_V2_early_preview_20231231"
"USF2","Suppressor","FerrDb_V2_early_preview_20231231"
"USP11","Driver;Suppressor","FerrDb_V2_early_preview_20231231"
"USP14","Driver;Suppressor","FerrDb_V2_early_preview_20231231"
"USP20","Suppressor","FerrDb_V2_early_preview_20231231"
"USP22","Suppressor","FerrDb_V2_early_preview_20231231"
"USP24","Driver","FerrDb_V2_early_preview_20231231"
"USP35","Suppressor","FerrDb_V2_early_preview_20231231"
"USP5","Suppressor","FerrDb_V2_early_preview_20231231"
"USP7","Driver;Suppressor","FerrDb_V2_early_preview_20231231"
"USP8","Suppressor","FerrDb_V2_early_preview_20231231"
"UTP11","Suppressor","FerrDb_V2_early_preview_20231231"
"VAMP2","Suppressor","FerrDb_V2_early_preview_20231231"
"VCP","Suppressor","FerrDb_V2_early_preview_20231231"
"VDAC1","Driver","FerrDb_V2_early_preview_20231231"
"VDAC2","Driver;Suppressor","FerrDb_V2_early_preview_20231231"
"VDR","Suppressor","FerrDb_V2_early_preview_20231231"
"VEGFA","Unclassified","FerrDb_V2_early_preview_20231231"
"VIRMA","Suppressor","FerrDb_V2_early_preview_20231231"
"VKORC1L1","Suppressor","FerrDb_V2_early_preview_20231231"
"VLDLR","Unclassified","FerrDb_V2_early_preview_20231231"
"WBP2","Suppressor","FerrDb_V2_early_preview_20231231"
"WIPI1","Driver","FerrDb_V2_early_preview_20231231"
"WIPI2","Driver","FerrDb_V2_early_preview_20231231"
"WNT5A","Driver","FerrDb_V2_early_preview_20231231"
"WTAP","Driver;Suppressor","FerrDb_V2_early_preview_20231231"
"WWTR1","Driver","FerrDb_V2_early_preview_20231231"
"XBP1","Unclassified","FerrDb_V2_early_preview_20231231"
"XIST","Suppressor","FerrDb_V2_early_preview_20231231"
"YAP1","Driver;Suppressor","FerrDb_V2_early_preview_20231231"
"YTHDC1","Driver;Suppressor","FerrDb_V2_early_preview_20231231"
"YTHDC2","Driver","FerrDb_V2_early_preview_20231231"
"YTHDF1","Suppressor","FerrDb_V2_early_preview_20231231"
"YTHDF2","Driver","FerrDb_V2_early_preview_20231231"
"YWHAE","Unclassified","FerrDb_V2_early_preview_20231231"
"YY1","Driver","FerrDb_V2_early_preview_20231231"
"YY1AP1","Driver;Suppressor","FerrDb_V2_early_preview_20231231"
"YY2","Driver","FerrDb_V2_early_preview_20231231"
"ZBTB48","Suppressor","FerrDb_V2_early_preview_20231231"
"ZC3H13","Suppressor","FerrDb_V2_early_preview_20231231"
"ZEB1","Driver;Marker","FerrDb_V2_early_preview_20231231"
"ZEB1-AS1","Suppressor","FerrDb_V2_early_preview_20231231"
"ZFAS1","Driver","FerrDb_V2_early_preview_20231231"
"ZFP36","Suppressor","FerrDb_V2_early_preview_20231231"
"ZFP69B","Unclassified","FerrDb_V2_early_preview_20231231"
"ZNF419","Unclassified","FerrDb_V2_early_preview_20231231"
"ZNF488","Suppressor","FerrDb_V2_early_preview_20231231"
"ZNF8","Driver","FerrDb_V2_early_preview_20231231"
"ZRANB1","Driver","FerrDb_V2_early_preview_20231231"
"ZSCAN25","Suppressor","FerrDb_V2_early_preview_20231231"
