Ligand,PubChem_CID,SMILES,SDF_File,Ingredient_ID,Ingredient_Name,Ingredient_Alias,Molecular_Formula
Curdione,,CC1CCC=C(CC(=O)C(CC1=O)C(C)C)C,,HBIN001080,13657-68-6,"Curdione; Germacr-1(10)-ene-5,8-dione; (3S,6E,10S)-6,10-dimethyl-3-propan-2-ylcyclodec-6-ene-1,4-dione; (3S,6E,10S)-6,10-dimethyl-3-(propan-2-yl)cyclodec-6-ene-1,4-dione; (3S,10S,E)-3-isopropyl-6,10-dimethylcyclodec-6-ene-1,4-dione; MFCD28977990; Cyclodecene-1,4-dione, 6,10-dimethyl-3-(1-methylethyl)-, (3S-(3R*,6E,10R*))-; SCHEMBL3297349; CHEBI:81131",C15H24O2
Eucalyptol,,CC1(C2CCC(O1)(CC2)C)C,,HBIN002102,"1,8 cineole","Eucalyptol; cineole; 1,8-Cineole; 470-82-6; 1,8-Cineol; Cajeputol; 1,8-Epoxy-p-menthane; Eucalyptole; Eucapur; Zineol",C10H18O
"(1s,3e,7e,11s)-1,5,5,8-tetramethyl-12-oxabicyclo[9.1.0]dodeca-3,7-diene",,CC1=CCC(C=CCC2(C(O2)CC1)C)(C)C,,HBIN003245,"(1s,3e,7e,11s)-1,5,5,8-tetramethyl-12-oxabicyclo[9.1.0]dodeca-3,7-diene",,C15H24O
92691-35-5,,CC1=CCCC2(C(O2)CC(=C(C)C)C(=O)C1)C,,HBIN003273,"(1s,4e,10s)-8-isopropylidene-1,5-dimethyl-11-oxabicyclo[8.1.0]undec-4-en-7-one","92691-35-5; (1S,10S,E)-6,10-dimethyl-3-(propan-2-ylidene)-11-oxabicyclo[8.1.0]undec-6-en-4-one; CHEMBL4211912; (1S,6E,10S)-6,10-dimethyl-3-(propan-2-ylidene)-11-oxabicyclo[8.1.0]undec-6-en-4-one; HY-N8402; AKOS026674272; CS-0144081",C15H22O2
(-)-Sabinene,,CC(C)C12CCC(=C)C1C2,,HBIN003305,"(1s,5s)-1-isopropyl-4-methylenebicyclo[3.1.0]hexane","(-)-Sabinene; 10408-16-9; l-Sabinene; Sabinene, (-)-; 0W0K1SDY3N; (1S,5S)-(-)-Sabinene; (1S,5S)-sabinene; 4(10)-Thujene, (-)-; UNII-0W0K1SDY3N",C10H16
Curcumenone,,CC(=C1CC2C(C2(CC1=O)C)CCC(=O)C)C,,HBIN003314,"(1s,6r,7r)-4-isopropylidene-1-methyl-7-(3-oxobutyl)norcaran-3-one","Curcumenone; 100347-96-4; (1S,6beta)-1beta-Methyl-4-(1-methylethylidene)-7beta-(3-oxobutyl)bicyclo[4.1.0]heptan-3-one; Bicyclo(4.1.0)heptan-3-one, 1-methyl-4-(1-methylethylidene)-7-(3-oxobutyl)-, (1S,6R,7R)-; SCHEMBL3300327; CHEMBL4643848; CHEBI:81130; DTXSID30905433; AKOS040760356; FS-7460",C15H22O2
"(2S)-3',4'-Methylenedioxy-5,7-dimethoxyflavan",,COC1=CC2=C(CCC(O2)C3=CC4=C(C=C3)OCO4)C(=C1)OC,,HBIN005351,"2-benzo[1,3]dioxol-5-yl-5,7-dimethoxy-chroman","(2S)-3',4'-Methylenedioxy-5,7-dimethoxyflavan; 2-(1,3-benzodioxol-5-yl)-5,7-dimethoxychromane; 2H-1-benzopyran, 2-(1,3-benzodioxol-5-yl)-3,4-dihydro-5,7-dimethoxy-, (2S)-; InChI=1/C18H18O5/c1-19-12-8-16(20-2)13-4-6-14(23-17(13)9-12)11-3-5-15-18(7-11)22-10-21-15/h3,5,7-9,14H,4,6,10H2,1-2H3/t14-/m0/s",C18H18O5
Nonan-2-one,,CCCCCCCC(=O)C,,HBIN006133,2-nonanone,"Nonan-2-one; 821-55-6; Heptyl methyl ketone; Methyl heptyl ketone; beta-Nonanone; Ketone, heptyl methyl; METHYL N-HEPTYL KETONE; 2-Nonanone (natural); FEMA No. 2785",C9H18O
(S)-(+)-2-Heptanol,,CCCCCC(C)O,,HBIN006809,(2s)-heptan-2-ol,"(S)-(+)-2-Heptanol; 6033-23-4; (S)-Heptan-2-ol; 2-Heptanol, (S)-; 2-Heptanol, (+)-; Heptan-2S-ol; (+)-2-heptanol; 7XQ9F7KYPW; (2S)-2-heptanol",C7H16O
Undecan-2-one,,CCCCCCCCCC(=O)C,,HBIN006847,2-undecanone,"Undecan-2-one; Methyl nonyl ketone; 112-12-9; UNDECANONE; 2-Hendecanone; Ketone, methyl nonyl; Nonyl methyl ketone; Methylnonylketone; Rue ketone",C11H22O
Aerugidiol,,CC1=CC(=O)C(=C(C)C)CC2C1(CCC2(C)O)O,,HBIN009604,"(3s,3ar,8ar)-3,8a-dihydroxy-5-isopropylidene-3,8-dimethyl-1,2,3a,4-tetrahydroazulen-6-one","Aerugidiol; 116425-35-5; (3S,3aR,8aR)-3,8a-dihydroxy-3,8-dimethyl-5-propan-2-ylidene-1,2,3a,4-tetrahydroazulen-6-one; CHEMBL2332431; DTXSID901318401; BDBM50429857; AKOS040762631; MS-23547; HY-121083; CS-0079425",C15H22O3
"(3s,4r)-3-isopropenyl-1-isopropyl-4-methyl-4-vinylcyclohexene",,CC(C)C1=CC(C(CC1)(C)C=C)C(=C)C,,HBIN009636,"(3s,4r)-3-isopropenyl-1-isopropyl-4-methyl-4-vinylcyclohexene",,C15H24
350602-21-0,,CC1CCC2C13CC(=C(C)C)C(O3)(C=C2C)O,,HBIN010359,4-epi-curcumenol,"350602-21-0; (1S,2R,5S,8R)-2,6-dimethyl-9-propan-2-ylidene-11-oxatricyclo[6.2.1.01,5]undec-6-en-8-ol; CHEMBL2386509; DTXSID301114465; AKOS040761134; FS-7850; (1S,2R,5S,8R)-2,6-dimethyl-9-(propan-2-ylidene)-11-oxatricyclo[6.2.1.0(1),?]undec-6-en-8-ol; (3R,3aS,6R,8aS)-1,2,3,4,5,8a-Hexahydro-3,8-dimethyl-5-(1-methylethylidene)-6H-3a,6-epoxyazulen-6-ol",C15H22O2
(-)-Isoledene,,CC1CCC2C(C2(C)C)C3=C1CCC3C,,HBIN011333,58870_fluka,"(-)-Isoledene; 95910-36-4; (1aR,4R,7R,7bS)-1,1,4,7-Tetramethyl-1a,2,3,4,5,6,7,7b-octahydro-1H-cyclopropa[e]azulene; (1aR,4R,7R,7bS)-1,1,4,7-tetramethyl-1a,2,3,4,5,6,7,7b-octahydrocyclopropa[e]azulene; DTXSID40572716; NUQDPKOFUKFKFD-BGOOENEXSA-N; (-)-Isoledene, >=95.0% (sum of enantiomers, GC)",C15H24
Furanodiene,,CC1=CCC2=C(CC(=CCC1)C)OC=C2C,,HBIN011523,"(5e,9z)-3,6,10-trimethyl-4,7,8,11-tetrahydrocyclodeca[b]furan","Furanodiene; Isofuranodiene; G0AFT38FJ7; 19912-61-9; Germacra-1(10),4,7,11-tetraene, 8,12-epoxy-, (Z,E)-; (5E,9Z)-4,7,8,11-TETRAHYDRO-3,6,10-TRIMETHYLCYCLODECA(B)FURAN; Cyclodeca(b)furan, 4,7,8,11-tetrahydro-3,6,10-trimethyl-, (5E,9Z)-; CYCLODECA(B)FURAN, 4,7,8,11-TETRAHYDRO-3,6,10-TRIMETHYL-, (Z,E)-; UNII-G0AFT38FJ7",C15H20O
Curzerenone,,CC1=COC2=C1C(=O)C(C(C2)(C)C=C)C(=C)C,,HBIN011903,"(5r,6r)-5-isopropenyl-3,6-dimethyl-6-vinyl-5,7-dihydrobenzofuran-4-one","Curzerenone; 20493-56-5; 4(5H)-Benzofuranone, 6-ethenyl-6,7-dihydro-3,6-dimethyl-5-(1-methylethenyl)-, trans-; UNII-G4VCU0HQA2; G4VCU0HQA2; (5R,6R)-6-ethenyl-3,6-dimethyl-5-prop-1-en-2-yl-5,7-dihydro-1-benzofuran-4-one; 4(5H)-Benzofuranone, 6-ethenyl-6,7-dihydro-3,6-dimethyl-5-(1-methylethenyl)-, (5R,6R)-rel-; DTXSID40174471; Zedoarone; 4(5H)-Benzofuranone, 6,7-dihydro-5?-isopropenyl-3,6?-dimethyl-6-vinyl-",C15H18O2
(+)-alpha-thujene,,CC1=CCC2(C1C2)C(C)C,,HBIN011920,(5s)-1-isopropyl-4-methylbicyclo[3.1.0]hex-3-ene,"(+)-alpha-thujene; thujiene; U9HIP11C7C; O47H0626QK; alpha-Thujene, (+)-; UNII-U9HIP11C7C; alpha-Thujene, (+/-)-; Origanene; UNII-O47H0626QK; EINECS 220-686-7",C10H16
alpha-Zingiberene,,CC1=CCC(C=C1)C(C)CCC=C(C)C,,HBIN011922,"(5s)-5-[(1r)-1,5-dimethylhex-4-enyl]-2-methylcyclohexa-1,3-diene","alpha-Zingiberene; ent-Zingiberene; (+)-zingiberene; CHEBI:583099; (5S)-2-methyl-5-[(2R)-6-methylhept-5-en-2-yl]cyclohexa-1,3-diene; (5S)-5-[(1R)-1,5-dimethyl-4-hexenyl]-2-methyl-1,3-cyclohexadiene; [S-(R*,S*)]-5-(1,5-dimethylhexen-4-yl)-2-methyl-1,3-cyclohexa-1,3-diene; CHEMBL479020; (S)-2-methyl-5-((R)-6-methylhept-5-en-2-yl)cyclohexa-1,3-diene",C15H24
CTK0C7757,,CC1=CC=C(C=C1)C(C)CC(=O)C=C(C)C,,HBIN012767,(6r)-2-methyl-6-(4-methylphenyl)hept-2-en-4-one,CTK0C7757; 1141-54-4; DTXSID20471359,C15H20O
Isobornyl acetate,,CC(=O)OC1CC2CCC1(C2(C)C)C,,HBIN014406,"Acetic acid,bornyl ester","Isobornyl acetate; Isobomyl acetate; Pichtosin; 2-Camphanyl acetate, exo-; UNII-54T6CCU09Z; 125-12-2; FEMA No. 2160; Isoborneol, acetate; EINECS 204-727-6; NSC 62486",C12H20O2
Curcumene,,CC1=CC=C(C=C1)C(C)CCC=C(C)C,,HBIN015476,Alpha-curcumene,"Curcumene; 644-30-4; 1-methyl-4-(6-methylhept-5-en-2-yl)benzene; 2-Methyl-6-p-tolyl-2-heptene; 1-(1,5-Dimethyl-4-hexenyl)-4-methylbenzene; aryl-curcumene; alpha-Cucurmene; Benzene, 1-(1,5-dimethyl-4-hexenyl)-4-methyl-; 2-Heptene, 2-methyl-6-p-tolyl-",C15H22
Farnesene,,CC(=CCCC(=CCC=C(C)C=C)C)C,,HBIN015515,Alpha-farnesene,"Farnesene; 502-61-4; a-farnesene; (E,E)-alpha-farnesene; (3E,6E)-3,7,11-trimethyldodeca-1,3,6,10-tetraene; .alpha.-Farnesene; (E)-alpha-Farnesene; alpha-Farnesene (natural); 1,3,6,10-Dodecatetraene, 3,7,11-trimethyl-, (3E,6E)-",C15H24
Humulene,,CC1=CCC(C=CCC(=CCC1)C)(C)C,,HBIN015547,Alpha-humulene,"Humulene; ALPHA-CARYOPHYLLENE; 6753-98-6; 3,7,10-Humulatriene; .alpha.-Caryophyllene; (1E,4E,8E)-2,6,6,9-tetramethylcycloundeca-1,4,8-triene; a-humulene; alpha -humulene; 1,4,8-Cycloundecatriene, 2,6,6,9-tetramethyl-, (E,E,E)-",C15H24
Muurolene,,CC1=CC2C(CC1)C(=CCC2C(C)C)C,,HBIN015613,Alpha-muurolene,"Muurolene; 10208-80-7; D2ZGB75M36; alpha-Muurolene, (-)-; UNII-D2ZGB75M36; B1-Cadinene; (+)-alpha-muurolene; 31983-22-9; Naphthalene, 1,2,4a,5,6,8a-hexahydro-4,7-dimethyl-1-(1-methylethyl)-, (1S-(1alpha,4aalpha,8aalpha))-",C15H24
Arnidenediol,,CC1C2C3CCC4C5(CCC(C(C5CCC4(C3(CC(C2(CCC1=C)C)O)C)C)(C)C)O)C,,HBIN016873,Arnidiol,"Arnidenediol; 6750-30-7; Ainidiol; UNII-B94L6R1Z6C; 3beta,16beta-Dihydroxytaraxene; B94L6R1Z6C; (3S,4aR,6aR,6bR,8S,8aS,12S,12aS,12bR,14bR)-4,4,6a,6b,8a,12,14b-Heptamethyl-11-methylene-docosahydro-picene-3,8-diol; (3S,4aR,6aR,6aR,6bR,8S,8aS,12S,12aR,14aR,14bR)-4,4,6a,6b,8a,12,14b-heptamethyl-11-methylidene-1,2,3,4a,5,6,6a,7,8,9,10,12,12a,13,14,14a-hexadecahydropicene-3,8-diol; Urs-20(30)-ene-3,16-diol, (3.beta.,16.beta.,18.alpha.,19.alpha.)-",C30H50O2
489-39-4,,CC1CCC2C1C3C(C3(C)C)CCC2=C,,HBIN016888,(+)-aromadendrene,"489-39-4; Aromadendrene; MFCD00062951; (1aR,4aR,7R,7aR,7bS)-1,1,7-trimethyl-4-methylidene-2,3,4a,5,6,7,7a,7b-octahydro-1aH-cyclopropa[e]azulene; 72747-25-2; (1R,2S,8R,11R)-7-Methylene-3,3,11-trimethyltricyclo[6.3.0.02.4]undecane; EINECS 207-694-6; (+/-)-Aromadendrene; (-)-AROMADENDRENE II",C15H24
515-13-9,,CC(=C)C1CCC(C(C1)C(=C)C)(C)C=C,,HBIN018094,Beta-elemene,"515-13-9; (-)-beta-Elemene; beta-Elemen; Levo-beta-elemene; (1S,2S,4R)-1-methyl-2,4-di(prop-1-en-2-yl)-1-vinylcyclohexane; Elemene; 2,4-Diisopropenyl-1-methyl-1-vinylcyclohexane; beta-Elemene, (-)-; CHEBI:62855",C15H24
473-15-4,,CC12CCCC(=C)C1CC(CC2)C(C)(C)O,,HBIN018110,Beta-eudesmol,"473-15-4; beta-Selinenol; Eudesm-4(14)-en-11-ol; CHEBI:10417; .beta.-Eudesmol; UNII-6R61524P48; 6R61524P48; .beta.-Selinenol; (2R,4aR,8aS)-Decahydro-8-methylene-alpha,alpha,4a-trimethyl-2-naphthylmethanol",C15H26O
127-91-3,,CC1(C2CCC(=C)C1C2)C,,HBIN018241,Beta-pinene,"127-91-3; Pseudopinene; Nopinene; Terbenthene; Terebenthene; 2(10)-Pinene; 6,6-Dimethyl-2-methylenebicyclo[3.1.1]heptane; .beta.-Pinene; 6,6-dimethyl-2-methylidenebicyclo[3.1.1]heptane",C10H16
Beta-seisquiphellandrene,,CC(CCC=C(C)C)C1CCC(=C)C=C1,,HBIN018261,Beta-seisquiphellandrene,,C15H24
33171-05-0,,C1=CC(=CC=C1C=CC(=O)CC(=O)C=CC2=CC=C(C=C2)O)O,,HBIN018620,Bisdemethoxycurcumin,"33171-05-0; 24939-16-0; Curcumin III; Didemethoxycurcumin; (1E,6E)-1,7-bis(4-hydroxyphenyl)hepta-1,6-diene-3,5-dione; Bis(4-hydroxycinnamoyl)methane; Bis-demethoxycurcumin; Bisdemethoxycucurmin; bisdesmethoxycurcumin",C19H16O4
464-45-9,,CC1(C2CCC1(C(C2)O)C)C,,HBIN018729,(-)-borneol,"464-45-9; L-Borneol; Borneol; Linderol; NGAI camphor; l-2-Camphanol; Bicyclo[2.2.1]heptan-2-ol, 1,7,7-trimethyl-, (1S,2R,4S)-; [(1s)-endo]-(-)-borneol; 1-Bornyl alcohol",C10H18O
Curcumenol,,CC1CCC2C13CC(=C(C)C)C(O3)(C=C2C)O,,HBIN018850,Brn 3094585,"Curcumenol; 19431-84-6; (+)-Curcumenol; 6H-3a,6-Epoxyazulen-6-ol, 1,2,3,4,5,8a-hexahydro-3,8-dimethyl-5-(1-methylethylidene)-, (3S-(3-alpha,3a-alpha,6-alpha,8a-beta))-; 5-beta-Guiaia-7(11),9-dien-8-alpha-ol, 5,8-epoxy-; DTXSID0058011; (1S,2S,5S,8R)-2,6-Dimethyl-9-propan-2-ylidene-11-oxatricyclo[6.2.1.01,5]undec-6-en-8-ol; 6H-3a,6-Epoxyazulen-6-ol,1,2,3,4,5,8a-hexahydro-3,8-dimethyl-5-(1-methylethylidene)-, (3S,3aS,6R,8aS)-; 3,8-Dimethyl-5-(1-methylethylidene)-,(3S,3aS,6R,8aS)-",C15H22O2
17334-55-3,,CC1CCC=C2C1(C3C(C3(C)C)CC2)C,,HBIN019336,Calarene,"17334-55-3; 1(10)-Aristolene; 1,1,7,7a-tetramethyl-2,3,5,6,7,7b-hexahydro-1aH-cyclopropa[a]naphthalene; EINECS 241-359-5; .delta.1(10)-Aristolene; .delta.-Aristol-1(10)-ene; 1(10)-Aristolene, (+)-; (+)-.delta.1(10)-Aristolene; (+)-Calarene",C15H24
D-CAMPHOR,,CC1(C2CCC1(C(=O)C2)C)C,,HBIN019449,Cam,"D-CAMPHOR; (+)-Camphor; 464-49-3; (R)-(+)-Camphor; (1R,4R)-1,7,7-trimethylbicyclo[2.2.1]heptan-2-one; (R)-Camphor; (1R)-(+)-Camphor; (+)-Bornan-2-one; DL-Camphor; D(+)-Camphor",C10H16O
3-Carene,,CC1=CCC2C(C1)C2(C)C,,HBIN019699,Car-3-ene,"3-Carene; 13466-78-9; 3,7,7-Trimethylbicyclo[4.1.0]hept-3-ene; Delta-3-Carene; Monoterpenes; Carene; (+-)-delta3-Carene; Delta-car-3-ene; (+-)-3-Carene",C10H16
Caryophyllene oxide,,CC1(CC2C1CCC3(C(O3)CCC2=C)C)C,,HBIN019826,(-)-caryophyllene oxide,Caryophyllene oxide; 1139-30-6; beta-Caryophyllene oxide; beta-Caryophyllene epoxide; (-)-Epoxycaryophyllene; Epoxycaryophyllene; trans-caryophyllene oxide; (-)Carophyllene oxide; UNII-S2XU9K448U,C15H24O
"(Z,Z)-alpha-Farnesene",,CC(=CCCC(=CCC=C(C)C=C)C)C,,HBIN020807,Cis-.alpha.-farnesene,"(Z,Z)-alpha-Farnesene; (Z)-Farnesene; cis-alpha-farnesene; (Z,Z)-.alpha.-Farnesene; 28973-99-1; UNII-L664C3SC2M; alpha-Farnesene, (3Z,6Z)-; L664C3SC2M; (3Z,6Z)-3,7,11-trimethyldodeca-1,3,6,10-tetraene; FEMA No. 3839, (3Z,6Z)-alpha-",C15H24
28973-97-9,,CC(=CCCC(=CCCC(=C)C=C)C)C,,HBIN020826,Cis-beta-farnesene,"28973-97-9; beta-cis-farnesene; (6Z)-beta-farnesene; UNII-G7F9BVF1UR; beta-Farnesene, (6Z)-; G7F9BVF1UR; 1,6,10-Dodecatriene, 7,11-dimethyl-3-methylene-, (Z)-; FEMA No. 3839, (6Z)-beta-; BETA-FARNESENE",C15H24
Isocaryophyllene,,CC1=CCCC(=C)C2CC(C2CC1)(C)C,,HBIN020834,Cis-caryophyllene,Isocaryophyllene; 118-65-0; Caryophyllene; (-)-ISOCARYOPHYLLENE; gamma-caryophyllene; NRY8I0KNIR; UNII-NRY8I0KNIR; 87-44-5; Isocaryophyllene (80per cent),C15H24
"(3S,5R,6S,9S)-6-methyl-3-propan-2-yl-9-prop-1-en-2-yl-1-oxaspiro[4.4]nonan-2-one",,CC1CCC(C12CC(C(=O)O2)C(C)C)C(=C)C,,HBIN021972,Curcumalactone,"(3S,5R,6S,9S)-6-methyl-3-propan-2-yl-9-prop-1-en-2-yl-1-oxaspiro[4.4]nonan-2-one",C15H24O2
19431-84-6,,CC1CCC2C13CC(=C(C)C)C(O3)(C=C2C)O,,HBIN021979,Curcumenol,"19431-84-6; (+)-Curcumenol; BRN 3094585; 6H-3a,6-Epoxyazulen-6-ol, 1,2,3,4,5,8a-hexahydro-3,8-dimethyl-5-(1-methylethylidene)-, (3S-(3-alpha,3a-alpha,6-alpha,8a-beta))-; 5-beta-Guiaia-7(11),9-dien-8-alpha-ol, 5,8-epoxy-; DTXSID0058011; (1S,2S,5S,8R)-2,6-Dimethyl-9-propan-2-ylidene-11-oxatricyclo[6.2.1.01,5]undec-6-en-8-ol; 6H-3a,6-Epoxyazulen-6-ol,1,2,3,4,5,8a-hexahydro-3,8-dimethyl-5-(1-methylethylidene)-, (3S,3aS,6R,8aS)-; 3,8-Dimethyl-5-(1-methylethylidene)-,(3S,3aS,6R,8aS)-",C15H22O2
458-37-7,,COC1=C(C=CC(=C1)C=CC(=O)CC(=O)C=CC2=CC(=C(C=C2)O)OC)O,,HBIN021985,Curcumin,458-37-7; Diferuloylmethane; Natural yellow 3; Kacha haldi; Indian saffron; Curcuma; Gelbwurz; Haldar; Curcumin I,C21H20O6
4871-97-0,,CC1CCC2C13CC(C(O3)(CC2=C)O)C(C)C,,HBIN021990,Curcumol,"4871-97-0; (-)-Curcumol; UNII-9190RTN07X; 9190RTN07X; MFCD00272163; (1S,2S,5S,8R,9S)-2-methyl-6-methylidene-9-propan-2-yl-11-oxatricyclo[6.2.1.01,5]undecan-8-ol; (3S,3aS,5S,6R,8aS)-Octahydro-3-methyl-8-methylene-5-(1-methylethyl)-6H-3a,6-epoxyazulen-6-ol; 6H-3a,6-Epoxyazulen-6-ol, octahydro-3-methyl-8-methylene-5-(1-methylethyl)-, (3S,3aS,5S,6R,8aS)-; 5.BETA.-GUAI-10(14)-EN-8-OL, 5,8-EPOXY-, (-)-",C15H24O2
13657-68-6,,CC1CCC=C(CC(=O)C(CC1=O)C(C)C)C,,HBIN021993,Curdione,"13657-68-6; Germacr-1(10)-ene-5,8-dione; (3S,6E,10S)-6,10-dimethyl-3-propan-2-ylcyclodec-6-ene-1,4-dione; (3S,6E,10S)-6,10-dimethyl-3-(propan-2-yl)cyclodec-6-ene-1,4-dione; (3S,10S,E)-3-isopropyl-6,10-dimethylcyclodec-6-ene-1,4-dione; MFCD28977990; Cyclodecene-1,4-dione, 6,10-dimethyl-3-(1-methylethyl)-, (3S-(3R*,6E,10R*))-; SCHEMBL3297349; CHEBI:81131",C15H24O2
17910-09-7,,CC1=COC2=C1CC(C(C2)(C)C=C)C(=C)C,,HBIN022017,Curzerene,"17910-09-7; (5R,6R)-6-ethenyl-3,6-dimethyl-5-prop-1-en-2-yl-5,7-dihydro-4H-1-benzofuran; Benzofuran, 6-ethenyl-4,5,6,7-tetrahydro-3,6-dimethyl-5-isopropenyl-, trans-; SCHEMBL17627666; HICAMHOOTMOHPA-HIFRSBDPSA-N; HY-N1963; AKOS030573580; AC-34183; DA-62545",C15H20O
20493-56-5,,CC1=COC2=C1C(=O)C(C(C2)(C)C=C)C(=C)C,,HBIN022018,Curzerenone,"20493-56-5; 4(5H)-Benzofuranone, 6-ethenyl-6,7-dihydro-3,6-dimethyl-5-(1-methylethenyl)-, trans-; UNII-G4VCU0HQA2; G4VCU0HQA2; (5R,6R)-6-ethenyl-3,6-dimethyl-5-prop-1-en-2-yl-5,7-dihydro-1-benzofuran-4-one; 4(5H)-Benzofuranone, 6-ethenyl-6,7-dihydro-3,6-dimethyl-5-(1-methylethenyl)-, (5R,6R)-rel-; DTXSID40174471; Zedoarone; 4(5H)-Benzofuranone, 6,7-dihydro-5?-isopropenyl-3,6?-dimethyl-6-vinyl-",C15H18O2
P-CYMENE,,CC1=CC=C(C=C1)C(C)C,,HBIN022407,Cymol,P-CYMENE; 4-Isopropyltoluene; 99-87-6; p-Isopropyltoluene; Dolcymene; Para-cymene; p-Cymol; Paracymene; 1-Isopropyl-4-methylbenzene; Camphogen,C10H14
(+)-Camphene,,CC1(C2CCC(C2)C1=C)C,,HBIN022819,D-camphene,"(+)-Camphene; 5794-03-6; (+)-Comphene; (1R,4S)-2,2-dimethyl-3-methylidenebicyclo[2.2.1]heptane; (1R,4S)-camphene; Camphene, (+)-; CHEBI:20; (1R)-2,2-Dimethyl-3-methylenebicyclo[2.2.1]heptane; (1R,4S)-(+)-camphene",C10H16
"Cadina-1(10),4-diene",,CC1=CC2C(CCC(=C2CC1)C)C(C)C,,HBIN023190,Delta-amorphene,"Cadina-1(10),4-diene; 16729-01-4; 4,7-dimethyl-1-propan-2-yl-1,2,3,5,6,8a-hexahydronaphthalene; 1-Isopropyl-4,7-dimethyl-1,2,3,5,6,8a-hexahydronaphthalene; (+)-delta-amorphene; (+)-?-Cadinene; D-Amorphene; Naphthalene, 1,2,3,5,6,8a-hexahydro-4,7-dimethyl-1-(1-methylethyl)-, (1S-cis)-; 4,7-dimethyl-1-(propan-2-yl)-1,2,3,5,6,8a-hexahydronaphthalene",C15H24
22608-11-3,,COC1=C(C=CC(=C1)C=CC(=O)CC(=O)C=CC2=CC=C(C=C2)O)O,,HBIN023227,Demethoxycurcumin,22608-11-3; 24939-17-1; curcumin II; monodemethoxycurcumin; desmethoxycurcumin; BHCFM; Demethoxy Curcumin; 4-Hydroxycinnamoyl(feroyl)methane; 33171-16-3,C20H18O5
Daucosterol,,CCC(CCC(C)C1CCC2C1(CCC3C2CC=C4C3(CCC(C4)OC5C(C(C(C(O5)CO)O)O)O)C)C)C(C)C,,HBIN024985,Eleutheroside a,Daucosterol; Sitogluside; 474-58-8; Alexandrin; Daucosterin; Coriandrinol; beta-Sitosterol glucoside; BSSG; Doursterol,C35H60O6
10-epi-gamma-Eudesmol,,CC1=C2CC(CCC2(CCC1)C)C(C)(C)O,,HBIN025249,Epi-10-gamma-eudesmol,"10-epi-gamma-Eudesmol; epi-Eudesmol; 15051-81-7; 10-epi-eudesm-4-en-11-ol; 2-[(2R,4aS)-4a,8-dimethyl-2,3,4,5,6,7-hexahydro-1H-naphthalen-2-yl]propan-2-ol; CHEBI:62514; (2R-trans)-1,2,3,4,4a,5,6,7-Octahydro-alpha,alpha,4a,8-tetramethyl-2-naphthalenemethanol; 2-((2R,4AS)-4a,8-dimethyl-1,2,3,4,4a,5,6,7-octahydronaphthalen-2-yl)propan-2-ol; 2-[(2R,4aS)-4a,8-dimethyl-1,2,3,4,4a,5,6,7-octahydronaphthalen-2-yl]propan-2-ol; 2-Naphthalenemethanol, 1,2,3,4,4a,5,6,7-octahydro-alpha,alpha,4a,8-tetramethyl-, (2R-trans)-",C15H26O
20085-85-2,,CC1=COC2=C1C(=O)C(C(C2)(C)C=C)C(=C)C,,HBIN025327,Epicurzerenone,"20085-85-2; Curzerenone; (5R,6S)-6-ethenyl-3,6-dimethyl-5-prop-1-en-2-yl-5,7-dihydro-1-benzofuran-4-one; AKOS040735407; FS-7849",C15H18O2
Isofuranodiene,,CC1=CCC2=C(CC(=CCC1)C)OC=C2C,,HBIN026855,Furanodiene,"Isofuranodiene; 57566-47-9; Furanoelemene (furanodiene); (5E,9E)-3,6,10-trimethyl-4,7,8,11-tetrahydrocyclodeca[b]furan; 7E7DKT38LE; 19912-61-9; (5E)-3,6,10-trimethyl-4,7,8,11-tetrahydrocyclodeca[b]furan; (5E,9E)-4,7,8,11-TETRAHYDRO-3,6,10-TRIMETHYLCYCLODECA(B)FURAN; CYCLODECA(B)FURAN, 4,7,8,11-TETRAHYDRO-3,6,10-TRIMETHYL-, (5E,9E)-",C15H20O
(Z)-gamma-bisabolene,,CC1=CCC(=C(C)CCC=C(C)C)CC1,,HBIN027109,Gamma-bisabolene,"(Z)-gamma-bisabolene; Bisabolene; cis-gamma-Bisabolene; 13062-00-5; Limene; gamma-Bisabolene, (Z)-; gamma-Bisabolene, (4Z)-; UNII-E452K502K0; (Z)-.gamma.-Bisabolene",C15H24
"(1E,4E)-germacrene B",,CC1=CCCC(=CCC(=C(C)C)CC1)C,,HBIN027567,Germacrene b,"(1E,4E)-germacrene B; (E,E)-germacrene B; 15423-57-1; Germacra-1(10),4,7(11)-triene; CHEBI:5337; trans,trans-germacrene B; ML9S6L9M3X; (1E,5E)-1,5-dimethyl-8-propan-2-ylidenecyclodeca-1,5-diene; Germacra-1(10),4,7(11)-triene, (E,E)-",C15H24
(-)-Germacrene D,,CC1=CCCC(=C)C=CC(CC1)C(C)C,,HBIN027568,Germacrene d,"(-)-Germacrene D; 23986-74-5; V2I9ATG34E; (1E,6E,8S)-1-methyl-5-methylidene-8-propan-2-ylcyclodeca-1,6-diene; (1E,6E,8S)-1-methyl-5-methylidene-8-(propan-2-yl)cyclodeca-1,6-diene; (1E,5E)-germacra-1(10),4(15),5-triene; (1E,6E,8S)-8-isopropyl-1-methyl-5-methylenecyclodeca-1,6-diene; 1(10),4(14),5-Germacratriene; (1E,6E,8S)-1-methyl-8-(1-methylethyl)-5-methylidenecyclodeca-1,6-diene",C15H24
Germacrone,,CC1=CCC(=C(C)C)C(=O)CC(=CCC1)C,,HBIN027572,Germacron,"Germacrone; 6902-91-6; (3E,7E)-3,7-Dimethyl-10-(propan-2-ylidene)cyclodeca-3,7-dienone; E2WQ6N4FBP; (3E,7E)-3,7-dimethyl-10-propan-2-ylidenecyclodeca-3,7-dien-1-one; Germacrone (>90%); (E,E)-Germacrone; Germacrone,(S); MFCD00210050",C15H22O
123914-43-2,,CC1CCC2=C(C=C3C(=C(C(=O)O3)C)C=C12)C,,HBIN028562,Gweicurculactone,"123914-43-2; DTXSID50154143; Azuleno(6,5-b)furan-2(5H)-one, 6,7-dihydro-3,5,8-trimethyl-, (R)-; CHEMBL4168534; DTXCID9076634; (8R)-1,5,8-trimethyl-7,8-dihydro-6H-azuleno[6,5-b]furan-2-one",C15H16O2
465-99-6,,CC1(CCC2(CCC3(C(=CCC4C3(CCC5C4(CCC(C5(C)CO)O)C)C)C2C1)C)C(=O)O)C,,HBIN028847,Hederagenin,465-99-6; Caulosapogenin; Hederagenol; Astrantiagenin E; Hederagenic acid; Hederagenine; NSC 24954; 4-epi-hederagenin; EINECS 207-369-9,C30H48O4
D-Limonene,,CC1=CCC(CC1)C(=C)C,,HBIN029013,Hemo-sol,D-Limonene; 5989-27-5; (+)-Limonene; (R)-(+)-Limonene; (D)-Limonene; (4R)-Limonene; (+)-(4R)-Limonene; (+)-carvene; (R)-Limonene; (+)-Dipentene,C10H16
alpha-Gurjunene,,CC1CCC2C(C2(C)C)C3=C(CCC13)C,,HBIN029055,Hepanal,"alpha-Gurjunene; (-)-alpha-Gurjunene; 489-40-7; CHEBI:61699; (1aR,4R,4aR,7bS)-1,1,4,7-tetramethyl-1a,2,3,4,4a,5,6,7b-octahydro-1H-cyclopropa[e]azulene; (-)-.alpha.-Gurjunene; Gurjunene-alpha; 1,1,4,7-tetramethyl-1a,2,3,4,4a,5,6,7b-octahydrocyclopropa(e)azulene; 1,1,4,7-tetramethyl-1a,2,3,4,4a,5,6,7b-octahydrocyclopropa[e]azulene; (1aR,4R,4aR,7bS)-1,1,4,7-tetramethyl-1a,2,3,4,4a,5,6,7b-octahydro-1H-cyclopropa(e)azulene",C15H24
CHLOROGENIC ACID,,C1C(C(C(CC1(C(=O)O)O)OC(=O)C=CC2=CC(=C(C=C2)O)O)O)O,,HBIN029163,Heriguard,"CHLOROGENIC ACID; 327-97-9; 3-O-Caffeoylquinic acid; Chlorogenate; 3-(3,4-Dihydroxycinnamoyl)quinic acid; 3-Caffeoylquinic acid; Hlorogenic acid; trans-Chlorogenic acid; CP chlorogenic acid",C16H18O9
Hispidulin 7-(6-e-p-coumaroyl-beta-d-glucopyra-noside),,COC1=C(C=C2C(=C1O)C(=O)C=C(O2)C3=CC=C(C=C3)O)OC4C(C(C(C(O4)COC(=O)C=CC5=CC=C(C=C5)O)O)O)O,,HBIN029432,Hispidulin 7-(6-e-p-coumaroyl-beta-d-glucopyra-noside),,C31H28O13
Borneol,,CC1(C2CCC1(C(C2)O)C)C,,HBIN030497,(+/-)-isoborneol,"Borneol; Isoborneol; 1,7,7-Trimethylbicyclo[2.2.1]heptan-2-ol; 507-70-0; 10385-78-1; 6627-72-1; DL-Isoborneol; 2-borneol; DL-Borneol",C10H18O
24063-71-6,,CC1CCC2C13CC(=C(C)C)C(O3)(CC2=C)O,,HBIN030634,Isocurcumenol,"24063-71-6; ISOURECUMENOL; (+)-Isocurcumenol; UE4RKR80F1; (1S,2S,5S,8R)-2-methyl-6-methylidene-9-propan-2-ylidene-11-oxatricyclo[6.2.1.01,5]undecan-8-ol; UNII-UE4RKR80F1; 6H-3a,6-Epoxyazulen-6-ol, octahydro-3-methyl-8-methylene-5-(1-methylethylidene)-, (3S,3aS,6R,8aS)-; 5beta-Guaia-7(11),10(14)-dien-8alpha-ol, 5,8-epoxy-, (+)-; 5.BETA.-GUAIA-7(11),10(14)-DIEN-8.ALPHA.-OL, 5,8-EPOXY-, (+)-",C15H22O2
10482-56-1,,CC1=CCC(CC1)C(C)(C)O,,HBIN032583,(l)-alpha-terpineol,10482-56-1; (-)-alpha-Terpineol; (S)-(-)-Terpineol; (S)-alpha-terpineol; 2-[(1S)-4-methylcyclohex-3-en-1-yl]propan-2-ol; (S)-(-)-alpha-terpineol; (S)-p-Menth-1-en-8-ol; L-.alpha.-Terpineol; (S)-2-(4-methylcyclohex-3-en-1-yl)propan-2-ol,C10H18O
126-90-9,,CC(=CCCC(C)(C=C)O)C,,HBIN033267,Linalool (d),"126-90-9; (+)-Linalool; (S)-3,7-Dimethyl-1,6-octadien-3-ol; coriandrol; d-linalool; (3S)-3,7-dimethylocta-1,6-dien-3-ol; (S)-linalool; (3S)-Linalool; (S)-(+)-Linalool; Linalool, (+)-",C10H18O
489-79-2,,CC1=C2C=C3C(=COC3=CC(=C2C=C1)C)C,,HBIN033306,Linderazulene,"489-79-2; azuleno[6,5-b]furan, 3,5,8-trimethyl-; 1,5,8-trimethylazuleno[6,5-b]furan; CHEMBL503851; DTXSID20349625; 10.14272/LMVGRKPOXLBIFQ-UHFFFAOYSA-N.1; doi:10.14272/LMVGRKPOXLBIFQ-UHFFFAOYSA-N.1; Azuleno[6,5-b]furan, 3,5,8-trimethyl- (6CI,7CI,8CI,9CI)",C15H14O
123-35-3,,CC(=CCCC(=C)C=C)C,,HBIN036067,Myrcene,"123-35-3; beta-Myrcene; 7-Methyl-3-methyleneocta-1,6-diene; 7-Methyl-3-methylene-1,6-octadiene; 1,6-Octadiene, 7-methyl-3-methylene-; .beta.-Myrcene; 7-methyl-3-methylideneocta-1,6-diene; beta-geraniolene; Myrcene (natural)",C10H16
108944-67-8,,CC1CCC=C(CC(=O)C(CC1=O)C(C)C)C,,HBIN036608,Neocurdione,"108944-67-8; (3R,6Z,10S)-6,10-dimethyl-3-propan-2-ylcyclodec-6-ene-1,4-dione; (3R,6E,10S)-6,10alpha-Dimethyl-3-isopropyl-6-cyclodecene-1,4-dione; DA-76083",C15H24O2
"11alpha,13-dihydrohelenalin",,CC1CC2C(C(C(=O)O2)C)C(C3(C1C=CC3=O)C)O,,HBIN040249,Plenolin,"11alpha,13-dihydrohelenalin; Dihydrohelenalin; 11,13-Dihyrdrohelenalin; 34257-95-9; T7Z3NV8U7T; CHEBI:8268; CHEMBL188283; (1S,3aR,5R,5aR,8aR,9S,9aS)-9-hydroxy-1,5,8a-trimethyl-3a,4,5,5a,9,9a-hexahydro-1H-azuleno[6,7-b]furan-2,8-dione; (3S,3AS,4S,4AR,7AR,8R,9AR)-3,3A,4,4A,7A,8,9,9A-OCTAHYDRO-4-HYDROXY-3,4A,8-TRIMETHYLAZULENO(6,5-B)FURAN-2,5-DIONE",C15H20O4
21698-40-8,,CC1=CC(=O)C(=C(C)C)CC2C1CCC2(C)O,,HBIN040754,Procurcumenol,"21698-40-8; (1S,3aR,8aS)-1-hydroxy-1,4-dimethyl-7-propan-2-ylidene-3,3a,8,8a-tetrahydro-2H-azulen-6-one; (3S,3aS,8aR)-3-hydroxy-3,8-dimethyl-5-propan-2-ylidene-2,3a,4,8a-tetrahydro-1H-azulen-6-one; CHEMBL2332430; C46YDH55ZN; SCHEMBL3297651; RHBOHEXDGUVIIY-WHOFXGATSA-; DTXSID80944312; CHEBI:168250",C15H22O2
(-)-Terpinen-4-ol,,CC1=CCC(CC1)(C(C)C)O,,HBIN042501,(r)-p-menth-1-en-4-ol,"(-)-Terpinen-4-ol; 20126-76-5; (-)-4-Terpineol; 3-Cyclohexen-1-ol, 4-methyl-1-(1-methylethyl)-, (1R)-; 4-Terpinenol, L-; (R)-Terpinen-4-ol; (R)-4-Carvomenthenol; p-Menth-1-en-4-ol, (R)-(-)-; 4-Terpineol, (-)-; (1R)-4-methyl-1-propan-2-ylcyclohex-3-en-1-ol",C10H18O
(S)-(+)-2-Nonanol,,CCCCCCCC(C)O,,HBIN042702,(s)-2-nonanol,(S)-(+)-2-Nonanol; 70419-06-6; (2S)-NONAN-2-OL; Nonan-2S-ol; (s)-nonan-2-ol; SCHEMBL7670661; DTXSID30454911; CHEBI:178391; LMFA05000503,C9H20O
(-)-Camphor,,CC1(C2CCC1(C(=O)C2)C)C,,HBIN043288,(s)-camphor,"(-)-Camphor; 464-48-2; l-Camphor; (1S,4S)-1,7,7-trimethylbicyclo[2.2.1]heptan-2-one; (1S)-(-)-Camphor; L(-)-Camphor; (-)-Bornan-2-one; (1S,4S)-camphor; Camphor, (-)-",C10H16O
BETA-SELINENE,,CC(=C)C1CCC2(CCCC(=C)C2C1)C,,HBIN043660,Selinene,"BETA-SELINENE; (+)-beta-Selinene; beta-Eudesmene; 17066-67-0; .beta.-Selinene; [4aR-(4aalpha,7alpha,8abeta)]-decahydro-4a-methyl-1-methylene-7-(1-methylethenyl)-naphthalene; CHEBI:10443; Eudesma-4(14),11-diene; (4aR,7R,8aS)-7-isopropenyl-4a-methyl-1-methylenedecahydronaphthalene; b-Selinene, (~90%)",C15H24
1059-14-9,,CC1C2C3CCC4C5(CCC(C(C5CCC4(C3(CCC2(CCC1=C)C)C)C)(C)C)O)C,,HBIN045530,Taraxasterol,1059-14-9; Isolactucerol; anthesterin; Lactucerol; UNII-64SK2ERN9P; 64SK2ERN9P; Saussurol; alpha-lactucerol; taraxasterin,C30H50O
ALPHA-TERPINENE,,CC1=CC=C(CC1)C(C)C,,HBIN045966,Terpilene,"ALPHA-TERPINENE; 99-86-5; p-Mentha-1,3-diene; 1-Isopropyl-4-methyl-1,3-cyclohexadiene; 1,3-Cyclohexadiene, 1-methyl-4-(1-methylethyl)-; alpha-Terpinen; 1-isopropyl-4-methylcyclohexa-1,3-diene; 1-Methyl-4-(1-methylethyl)-1,3-cyclohexadiene; FEMA No. 3558",C10H16
7785-70-8,,CC1=CCC2CC1C2(C)C,,HBIN046493,Tmh,"7785-70-8; (+)-alpha-Pinene; (1R,5R)-2,6,6-Trimethylbicyclo[3.1.1]hept-2-ene; (1R)-(+)-alpha-Pinene; (1R)-|A-Pinene; alpha-Pinene, (+)-; (1R,5R)-alpha-pinene; (1R,5R)-2-Pinene; (+)-Pin-2(3)-ene; alpha-Pinene(dextro)",C10H16
SCHEMBL2804734,,COC1=C(C=CC(=C1)C=CC(=O)CC(=O)C=CC2=CC(=C(C=C2)O)OC)O,,HBIN046500,Tnp00001,SCHEMBL2804734; CHEMBL1318698; NCGC00017159-01; NCGC00017159-02; NCGC00017159-03,C21H20O6
508-32-7,,CC1(C2CC3C1(C3C2)C)C,,HBIN046986,Tricyclene,"508-32-7; cyclene; 1,7,7-Trimethyltricyclo[2.2.1.02,6]heptane; Tricyclene (VAN); SA0ARA1GHB; alpha-Tricyclene; NSC 86978; UNII-SA0ARA1GHB; EINECS 208-083-7",C10H16
56485-42-8,,CC1=CCC(=CC1)C(C)CC(=O)C=C(C)C,,HBIN047376,Turmerone,"56485-42-8; DB-261321; 2-Methyl-6-(4-methyl-1,4-cyclohexadien-1-yl)-2-hepten-4-one",C15H22O
Wenjine,,CC1(C2=CC3C(O3)(CCC4C(O4)(CC2(OO1)O)C)C)C,,HBIN048228,Wenjine,,C15H22O5
495-60-3,,CC1=CCC(C=C1)C(C)CCC=C(C)C,,HBIN048992,Zingiberene,"495-60-3; Zingiberene from ginger; a-zingiberene; alpha-Zingiberene; .alpha.-Sesquiphellandrene; UNII-8XOC63EI5F; (5R)-2-methyl-5-[(2S)-6-methylhept-5-en-2-yl]cyclohexa-1,3-diene; 8XOC63EI5F; (-)-alpha-zingiberene",C15H24
"1,10-bisaboladien-3-ol",,CC(CCC=C(C)C)C1CCC(C=C1)(C)O,,HBIN048993,Zingiberenol,"1,10-bisaboladien-3-ol; 58334-55-7; 1-METHYL-4-(6-METHYLHEPT-5-EN-2-YL)CYCLOHEX-2-EN-1-OL; DTXSID601017519; alpha,alpha,4-Trimethyl-1-Cyclohexene-1-methanol; (1R,4R)-1-methyl-4-(6-Methylhept-5-en-2-yl)cyclohex-2-enol; SCHEMBL13967724; CHEBI:191472; DTXCID801475709",C15H26O
(+)-gamma-elemene,,CC(=C1CCC(C(C1)C(=C)C)(C)C=C)C,,HBIN049119,Gamma-elemene,"(+)-gamma-elemene; 30824-67-0; gamma Elemene [WHO-DD]; 4J4Q7UH7EK; .gamma.-Elemene; (1S,2S)-1-ethenyl-1-methyl-4-propan-2-ylidene-2-prop-1-en-2-ylcyclohexane; Cyclohexane, 1-ethenyl-1-methyl-2-(1-methylethenyl)-4-(1-methylethylidene)-, (1S,2S)-; (1S,2S)-1-Ethenyl-1-methyl-2-(1-methylethenyl)-4-(1-methylethylidene)cyclohexane; (1S,2S)-1-Methyl-2-(prop-1-en-2-yl)-4-(propan-2-ylidene)-1-vinylcyclohexane",C15H24
alpha-Cadinol,,CC1=CC2C(CCC(C2CC1)(C)O)C(C)C,,HBIN049211,Δ-cadinol,"alpha-Cadinol; Cadin-4-en-10-ol; 481-34-5; l-alpha-Cadinol; (-)-alpha-Cadinol; DC0YJ4816P; alpha-Cadinol, (-)-; UNII-DC0YJ4816P; (1R,4S,4aR,8aR)-1,6-dimethyl-4-propan-2-yl-3,4,4a,7,8,8a-hexahydro-2H-naphthalen-1-ol; l-.alpha.-Cadinol",C15H26O
delta-Elemene,,CC(C)C1=CC(C(CC1)(C)C=C)C(=C)C,,HBIN049216,Δ-elemene,"delta-Elemene; 11029-06-4; CHEBI:132830; (3R,4R)-4-ethenyl-4-methyl-1-propan-2-yl-3-prop-1-en-2-ylcyclohexene; (3R,4R)-1-isopropyl-4-methyl-3-(prop-1-en-2-yl)-4-vinylcyclohexene; (R,R)-1-isopropyl-4-methyl-3-(prop-1-en-2-yl)-4-vinylcyclohexene; (3R,trans)-1-isopropyl-4-methyl-3-(prop-1-en-2-yl)-4-vinylcyclohexene; (3R-trans)-4-ethenyl-4-methyl-3-(1-methylethenyl)-1-(1-methylethyl)-cyclohexene; UNII-CWB1U36PIU; DELTA ELEMENE [WHO-DD]",C15H24
